UserName,SongId,Content,CreatedAt
abearcroftab,56106,7880f62ea3840357684c9d1aba2f3c73,"2021-03-14 06:11:34"
abereclothqr,16704,c9149f85d898478109097f03cfcb0c83,"2020-08-13 14:13:17"
aboanas1d,12424,bfc36391565978642a53481f3f161235,"2020-07-03 11:59:36"
abonefant9u,85727,a42bc36a81d1abdc7560d20d16ebbb0a,"2020-09-21 03:17:53"
aburbankhj,16997,3189d0b8245bbb5861c666e0985bea71,"2021-07-26 09:28:48"
aburgwyn3f,51406,7bedc2d7be48bfe6d97b0e6bf0882374,"2020-03-27 00:17:10"
abusekz,23752,41f3a2a73d0ccf1a7f4c5a513c0e14d3,"2021-08-05 16:53:57"
acalleymu,88637,1f248344da58a5a7e32b886b4baf302b,"2021-12-17 14:45:39"
acolumbinefq,70341,64890da0612b6bb9f39c2d9481988be9,"2021-11-12 01:37:31"
acopnellhs,38757,2cda499e8a5e0606b98ff305a9712d90,"2021-08-31 06:03:26"
acovellehz,3322,9f502622b4c13d1d6735944edf5d58fc,"2022-01-04 23:41:07"
acressinghamrk,14301,341aa98cda897ee3e2ce1ed07a46c290,"2020-01-14 00:36:56"
acullimoreno,41836,c84e2ccb942e0e75b4b35b54fad67ff1,"2020-08-09 08:23:53"
acurlbk,66174,4599051b597085bfb6264736db9f64a1,"2021-07-04 06:06:55"
acurlisls,80786,7ef6859408a8483468b3f7266585be44,"2021-10-20 16:48:19"
adebullionor,39377,de85a936912950233ae6862bde136519,"2020-05-15 12:11:41"
adetloff4a,21096,ab10d352202b244e2e1b547f50712880,"2021-10-12 05:57:02"
adozdillg5,46434,5607715ce7e7f421e4fd2cfea7e2304f,"2021-11-03 10:52:01"
aduligalf3,92386,093e9e412462c37bdd1f978a233df0ff,"2021-09-22 19:29:27"
aelloway9t,37434,853acbf30a7e5bba9f0701346c6abd8b,"2020-12-25 00:47:40"
afinker7i,79784,542134e495529cc2b91e9a51abe07ff5,"2021-11-09 22:00:19"
afranciottoidm,78988,2d4b00fedfce30575423c71ae03417f6,"2020-07-21 09:32:47"
afrareyam,82720,334008522bc2d6b4b2c1645c91e3d827,"2021-08-19 06:25:18"
afurtadolb,60792,848672d4d22b221672adf0926893b8e5,"2021-07-19 17:38:01"
agarrattleyl1,10574,7f6a4fc00433a744ddc295b3fcdde1c8,"2022-01-24 21:56:41"
agiacobo76,53778,9c962ad98092fed4859800a9c2adfc49,"2021-01-20 10:04:39"
agobert6h,26614,4762f1a3a2bfd06ecd78b53554339ea3,"2021-09-11 23:21:35"
agooderhamrc,21664,5b298e7062d3c6681d1b3dd14ae0b8cd,"2021-01-22 17:34:51"
ahamptonoh,72097,44fe35741f7f7366cf6ec9cd6e562c32,"2020-04-09 16:49:42"
ahauchoy,74871,cf19f2224d4ba64a62aec95a7435470c,"2021-03-11 15:58:07"
ahealeykl,73685,94d60ad24d608aea06b805dc31d91100,"2020-05-18 03:21:32"
aixernv,26186,346b90273d424ce3c2cff2d37d476c91,"2021-01-28 09:14:54"
ajewar5j,34361,c58fbf8db8d8a68e8c0c4bc93c50dc28,"2022-01-09 05:02:28"
akeinratlv,17196,e31fa2522a63289c2dde1cef3c2cc31f,"2020-05-22 00:22:00"
akingse2,17483,7fe06402a23bb565a75d91bc49da24eb,"2022-01-17 09:24:04"
akynoch7g,77419,2952080607c2a9d5382357edd85cf7d8,"2021-01-11 07:06:25"
alamers2k,13608,d8dfbd83e451b321cf2bb162d7cfff10,"2020-08-21 09:00:11"
amannionjg,61792,c108ec859a40a1b3832b484dae2de3e2,"2021-03-11 19:43:03"
amatzaitismk,51572,ca226d5704a4bc2763793a8d155e1c4f,"2020-08-17 18:55:42"
amcadamax,23741,4766b6c8826fe7e2961062fdc7218fec,"2021-11-12 08:10:50"
amcbeathdb,86942,f3b040fdda80e04518c9548c5a5634b5,"2021-10-29 04:00:45"
aminchellez,38231,11b7aa72e22ebca0ffe86546cc50ba7f,"2020-03-05 17:25:02"
amonkemanrn,43919,65b977893e25d75b6ea81582b3ea6dc7,"2021-10-22 23:13:29"
amuzzily,90378,64a83499aac5de39edf738116d670add,"2020-08-30 06:45:41"
aorgillht,21919,6bbc4207fc77ac636b8f5558972560fa,"2021-07-25 11:09:35"
aorrill9n,3065,f212e50d775ca2bdb2f0977823f93f44,"2020-06-08 16:12:20"
apaolonigm,60960,33f76fef7135482f146f4160645b07a9,"2021-03-26 23:49:17"
apenella1n,30664,a4aaf6ddf8248742a868d98e8421794a,"2021-10-11 11:42:16"
apratteek,33977,83a3d24632fcfd1512438633f6c479f0,"2021-09-19 17:19:22"
aribab6,69592,dfd351b77386ecd3731ed06adb82ea70,"2021-11-04 19:46:40"
arickardesnn,16460,206bc1668a57dc5bdcf109de67f43292,"2020-04-14 07:00:14"
arickerby53,86423,8a22bc696907fbec0347ce20720dff5b,"2020-09-25 00:37:46"
ariggertfp,93894,113d3165abee9fcce77acdba15376783,"2020-03-13 12:06:48"
arobjentsd,6192,ded0626120c78893cb429d797da8463d,"2020-12-01 22:31:42"
arosettids,72599,eeaf97f2c2eaca012b80324a64a7dd0c,"2021-04-08 16:32:45"
aschlagh3m,23660,871f61e4e3c8007d85e489ae8e2c5b73,"2020-09-22 17:56:04"
ascotterjm,96153,5770c07da2a1f8287cbb1fde965b6d72,"2021-12-20 06:25:42"
asercki6,13971,e043bda16167c1d7806ced930f2e53e7,"2020-05-19 05:41:55"
asilverstonn3,68,b20b67ff71da1db053c78bf987583de3,"2021-07-21 02:42:20"
asmidmore5k,75570,94499c90a6e2a0f6a556af0edc31ad28,"2021-02-10 14:16:28"
astratzj8,35226,a59faf048409d1cf2b82553a69d1a66d,"2020-09-18 23:54:47"
aszepemh,89156,f515fa62d5051a4dccf27e8daa9ae055,"2021-08-29 01:17:22"
aszymaniak3k,76939,2246ca5ad59401fb52977693e8eb1275,"2020-01-20 17:58:45"
atoffoloni8e,59447,7702592ce04eb3004ef640cdce6bd4b5,"2020-07-16 11:18:27"
atollerton2j,37037,defcc911410cd80d2ed0e955ac67e5ae,"2020-08-04 00:59:05"
avankincs,68691,668b7909391e9337b63e7e95e5438683,"2020-11-07 18:51:53"
awalbridgeln,71794,c2ad5518ce805cc3d211af23a80c6148,"2020-10-31 20:20:35"
aweymanf9,45876,0058454fca741be05ebf281f56dab037,"2021-04-09 02:07:24"
awiddopl2,25506,978529da0071bf532c0bb79f53d4e35f,"2022-01-31 17:40:04"
awingattpw,71741,a805e56dc502f0a50dc5ebbaa8c417ae,"2020-03-03 10:31:15"
bbosson17,33528,2875b2db643fd67c48d4335de3041075,"2020-03-31 07:24:10"
bbovaird1o,91359,839773f512f0eff4a7bbdf7801e3a0c9,"2021-12-13 23:05:29"
bbowshire4w,34073,336626a26c6c280c877e651b00a7807c,"2020-05-19 12:15:06"
bbrancaib,25157,b1c9663eeb876f297d0186b88c822176,"2021-12-12 22:30:44"
bbroomermc,71329,480a4c0a9be33e13cbd0d69abb01e40b,"2020-06-19 07:22:15"
bburgoynei8,28846,bea718c7667d23cb1fb41d4b2b1b9a9a,"2020-04-07 17:08:39"
bbuttoi,6120,4fbed4d59ec7385565152117827af444,"2020-09-21 22:26:28"
bchamleyii,56670,ba1a991255d5834feda2b9c6b7d314b3,"2021-07-31 12:25:01"
bclaisse4s,21654,536e88363bd07f1ed3fa4a444a6ebdb6,"2021-01-22 01:09:05"
bdemcikkq,1399,b9d1484c42daaf167aefa1b7c4d9dbbc,"2020-01-13 11:02:10"
bdilnot0,31691,27753c955caca2da320dafa7fd879f7d,"2021-09-08 13:39:55"
beblenr,89556,acaab87c910985e2d946dc8d24eb4c3f,"2021-04-24 20:31:16"
bedlestonjh,16350,882c189212840a3fd9f542c206708831,"2020-01-29 23:24:30"
bfaux4p,4644,e2d082274122d3097c772561c8dc8110,"2021-03-25 12:36:23"
bgandrichho,41086,5c38419573f29b12430a2fbf8b07a67b,"2020-11-21 10:56:50"
bgaskin4t,38854,74ab634b3da0f1b9ad4acbca81e82257,"2021-09-30 16:31:24"
bgatch3b,68454,09ddb1ddec110e1d54a839dd79c03fce,"2020-04-19 20:06:47"
bgiraudeaubv,50938,2e98c668c469a5e05286978e6c641bee,"2021-12-26 06:14:26"
bgrevatt8h,51739,188352c18338f4b9d1f3abe224bad5b0,"2021-02-27 01:27:12"
bholdey2a,24605,95d755010ac6bb401b60543831767205,"2020-11-18 01:25:33"
bhullbrookcv,1851,bf946ebe5101c6d5d7b54d25a89b4ba6,"2021-09-05 14:38:30"
bjonas56,13725,b7e8adaddbb7adb510f12e99ce1620b7,"2020-12-03 21:38:34"
bjzak6o,44128,d190461e3bbd747a061e9cf08472eb7c,"2021-08-16 10:06:02"
bkabischk1,14903,1f31a0f846054298413b92626fcde3ce,"2021-02-16 20:39:46"
bkanzler27,86010,32001871564536b72b0941462186a343,"2020-06-08 02:56:07"
bklausenl9,60,fb5dd9bb94a33adc1ea69e8c377096d4,"2021-04-04 05:21:40"
bkneale2w,27052,65d1e66a4f67fd3fc4c022f44a459588,"2020-05-21 08:00:54"
blanderfk,13458,6ddf5ce14f4e63597269957990332b05,"2021-10-05 05:24:34"
blarciere4u,12231,3ae4a8dac37b085468d0e5cd535ea5e6,"2021-08-22 21:08:13"
bluckingsdf,11269,4ccf28050df61bbfa9101f95cc5ac997,"2021-01-29 05:59:28"
bmadisonej,4035,d8762481693060f544c659ae069c524f,"2021-02-18 12:57:53"
bmckeatingra,75254,edf5a088631e290ffabaa09291f0c674,"2020-04-01 13:51:38"
boconnor2n,93517,58d15579ea2025b93c7b2d7fba519f3b,"2020-04-01 08:24:51"
bperelqv,99536,359d671cfe6958257b8b71739438722d,"2021-03-29 00:08:13"
bphilott30,49537,b02e02027011ba76f724fd10e4e26f2b,"2020-09-04 05:57:41"
bphippag,45386,ca8022efe09842c159911a4a9cbbe1ae,"2021-12-11 02:13:23"
bpicnm,16513,c1f4ec36a236c56c90af59bb32580cfa,"2021-11-21 16:04:57"
bpride9j,5279,3f4ea465d04b9d6a693e8da39580259e,"2020-10-01 22:20:34"
bpurtellni,51679,c2c30642a79f400cc44b54afa2d9c0f9,"2020-12-28 17:17:21"
brapelli3u,34400,78ff36578f0f9c64f7a8dd31b972c601,"2021-11-09 11:05:00"
brendle4k,88486,3330be2460b2272d06651c2919f8b92c,"2020-07-05 22:14:17"
brickcorde5,71637,16f63c9e9054142e9d3f8582d150e361,"2022-01-21 15:06:54"
brobilartcp,64741,7044fb3f3370fac5090f1931241a5868,"2021-05-28 09:35:09"
bsarjantqb,85339,41646493df8d147156e4f17cd223babd,"2021-03-05 18:44:53"
bshavel60,38778,e957a3279085a41a34d3e8c2ab000185,"2020-11-12 07:41:48"
bsheklenk,68730,750e957b245bb9ce2684adbefe1b3dea,"2020-07-13 04:25:03"
bsnowlingqz,56874,12aaf381a2c861d3877baafed1dd174e,"2021-03-02 15:42:21"
btorricellajz,62041,b5c0e775380f9b82fc8689bc5be7feed,"2020-04-20 20:36:43"
btuckettet,66914,9ff57d4fc2a57fe3166813de576d79b1,"2020-02-01 10:34:38"
bvaudrepd,13005,2a6c16a5814d389dfb3310bd4a5e7d45,"2020-03-04 23:03:22"
bwebbbowengc,44877,d49a8ae6ffc26fd066b9b287ce0af4bd,"2020-09-19 11:36:33"
bwittrington9q,35623,0acc64afe41813f5e328cbc2a9fcc08f,"2020-06-11 14:38:56"
byegorovninh4,72939,3f07000cbd3904519ac99394dbe8c455,"2021-03-22 06:12:45"
caaronsonbl,65244,6f60662c7e6cfa38e8c6ebf337590d94,"2021-12-10 13:18:03"
cabrahamsonlx,83182,20ad91a3fe174c17013bc5596ec5333f,"2020-05-24 09:12:22"
cadneyak,93277,90b0f1cdea03f6515b4b9ccc3665e5ca,"2021-02-17 04:13:02"
cadshedqx,23633,7dd9aebfae1768d0dea5679f208a34a0,"2020-11-13 05:33:00"
cairds1p,9527,e05247ecc3249808b3e6adc3280213e2,"2020-06-03 16:07:49"
calexsandrowiczco,68325,243b41ce00248ef4d0388ed4d4831ba2,"2021-05-06 21:51:23"
cannetspz,12432,c8f57a0173208f2019fa3937cad009c4,"2021-03-24 21:27:04"
cascroftehc,21297,ca90b41a98c671454c986f2551dffd29,"2020-10-05 23:38:04"
cbeamandd5,92757,994ee38c9149834b90090d67f808a6a1,"2021-04-08 07:07:43"
cberriballin,70705,be155ef775ef7915afb84a736486b37c,"2020-08-10 14:10:58"
cbessellm5,8597,1c1407ec95c6650ecb3e601b87a0d504,"2021-09-04 13:40:24"
cboggishb,27000,42d3e62a35d82efb90ee8cf08d2bcc77,"2020-01-31 10:39:28"
cboliverfx,35633,ac02a45d7690070b6cf73fb6e8b53baa,"2020-11-19 01:52:50"
cbrende2b,34035,08639716a12a2fa7fe8ae29e4dda0fba,"2021-12-18 00:09:07"
cbrimblecombe9p,25971,69a24871228bfefcb6b1eba46581cb12,"2020-07-10 23:47:13"
cbussli,87132,95a29ea4032eb7ca7f6c0522cdbec6bc,"2020-11-07 16:15:18"
ccastellaniel,21778,08fc6e3ef0a34b1205bcd1a8d4e9f366,"2021-12-20 09:40:47"
ccearley15,29606,f6f1189c47ac4612641c454bb15c4c55,"2021-07-02 01:09:38"
ccudbertsone0,66504,a58f613792ce70b05d6ed5991cc1876e,"2021-03-04 03:34:53"
cdarnbrough96,97139,0bbef61aeb39de180b20cb0934df144c,"2021-08-15 08:24:26"
cdavydochia,47105,5b2fa3f9f65b97d51961c724da02ac76,"2021-06-01 02:00:59"
cdaytonjs,20742,1644c13608e1da6faaaa8fa9800dbf79,"2020-08-31 02:44:58"
cdeetlefsr6,70161,6597090d49cc5c04dcd6ae0724d7252e,"2020-10-12 13:48:47"
cdemare5l,46382,84e19ac04270b2d32cfa8d682066e285,"2021-08-02 05:58:29"
cellawaym4,49822,d0edcf71d20fd9d0d44632d263471391,"2021-05-10 18:40:25"
cfeldfisherdv,29190,ea1f9ecfa296bbec3b9bf8b77a2a4538,"2021-10-30 11:59:04"
cfergussoncq,6212,caab92e1184e0abb349cd68787b3994d,"2020-01-28 13:06:44"
cglendzerg8,55323,09deb8d7c2fa7ca1c55845950caa4dcd,"2020-04-22 09:00:39"
cglideed,95240,fca6fa281f49d03d28cb92277f8667f6,"2021-05-27 17:48:24"
cgodlyd7,11655,0e8c58e71a717a3354998f32b8fe74b1,"2020-08-30 09:03:44"
cgrainge70,64284,70d71a8f8d620fe7eedfb938303e0d74,"2022-01-30 02:43:29"
charringkn,16499,5ff5535cb2f0c1e80e9097a6e4ed7481,"2021-02-28 01:52:09"
chousiaux3d,34930,5376027dfe84dfd80e39e09ef361d68e,"2021-01-02 14:10:42"
chunstonji,15189,93f81ace25f84e0e107f45dceb6feaba,"2020-06-19 21:49:16"
chupkalj,74224,02cff28dd3da52fd0d74e856660aa38e,"2021-03-10 17:14:51"
churleyfo,73563,6db7495d31b032d59fc6c4590a8205cd,"2021-08-09 11:57:35"
cingledewo0,29677,506328486ddcd4c483ef5f1b409949f1,"2021-10-05 23:38:44"
ciskowjl,1801,0e7d30a7153f18fa4460d7cdeeb5f95e,"2020-07-06 11:45:11"
cjarmain5v,67127,24a487334575a3d47a9d46460ff0178b,"2020-07-08 03:40:13"
ckeitcha6,59218,7c3a5f4b3a03bb05e9055193d94ccc5f,"2021-10-11 01:59:18"
ckenny3n,21009,da7d908e0b0be5e8a58f1d4450c854aa,"2020-06-26 07:58:34"
clangdalej3,66214,c848de4e6a953869c561cf545f2e156f,"2021-10-04 03:16:38"
clemery6q,68986,0d46789ba12dba483b8ade6c6f344e0c,"2020-03-08 11:05:14"
clooney5m,14819,ce82627c6a6ff1ce6a827a188731cb63,"2021-09-29 01:16:19"
cmacgorleyg,60696,7d2e3db83bed24938112cea04222773e,"2021-10-08 18:39:16"
cmachent32,19854,4b5319ace064b588e9eb16194800539b,"2021-09-16 19:07:10"
cmalyea,30969,fd1895e08b030cd77d1c61abf5567a7b,"2021-11-17 07:10:44"
cmcguiney9v,9736,f6ad8309f2c06026225473b581058fcf,"2021-04-29 17:16:55"
cmousdallqo,6260,2cbc3dd6ffd3447cbd9a7c81ac2f214f,"2021-07-01 01:57:40"
cmulloche8,31318,daab94ab0b02f96bc811467f6e3da440,"2021-05-11 22:34:08"
cmuncerat,38700,9bdf69f35358b42355917e8d2e4de543,"2021-05-26 00:35:35"
cnapthine3a,53442,26672c7ba9ae0a23464a0dc0e41161fc,"2021-12-15 00:37:00"
cocahernya1,67099,fa11cefa1eb87009e7cdcd093c96846c,"2020-10-10 22:22:46"
coglessaneny,93906,6e04685ff31793301d8fb00399ad142d,"2021-09-27 20:59:15"
cohrtj4,80322,51f353e63a209f400a3ce82b5a865349,"2021-08-23 22:38:22"
cpontin3q,80965,d2f5e504b689de83d1baf3ff0b815001,"2020-08-10 02:40:46"
criccolw,15452,593b92ef61a1b7190a46b240104be34e,"2020-07-31 06:33:37"
croostanqu,64911,f504530f8d8cf8942d7ba2e139346a05,"2021-01-02 09:07:12"
crowlsondu,94242,a1768564f03a02cf5226c9ff9b19cf15,"2020-12-01 08:49:22"
cruslingkm,6405,79dcf7d048cd4d17ce7d857813afb9bd,"2021-09-05 21:51:33"
csallows79,73524,bc847afaa1ab11d232d28b0130a146b0,"2022-02-07 06:38:31"
csalvatilh,39320,c409a24eec53fc1dc22f4a42a6e22c2a,"2021-07-14 03:52:58"
cschaffel4h,85361,cd688b15034ea29546a2cc3fe9c400f0,"2021-09-10 22:23:22"
cschrirengw,67991,6edd3d88105f5126939f8bc220ab20c1,"2020-05-18 11:07:19"
cshobbrook4e,23576,99eb07f2fa633909d5709fa39e04c31c,"2021-03-01 08:45:17"
cshowenkh,36033,2d18cdc13079c7bd1ee09cfbfc7f5337,"2020-07-19 06:59:21"
cskitchjp,72454,16adc82346bc103d8ef639691168c29a,"2021-12-15 11:10:42"
csloatbs,52335,bbb2a33775b3c5158cdb43e7f7326aa6,"2020-11-28 17:07:40"
csmissene4,42273,7b64b112da142328d8cf21daec576c95,"2021-01-21 13:05:22"
cspaxman35,32178,da294115d8e44098ed136f38c884172a,"2021-10-23 17:18:51"
ctreherne5h,30939,70c48cb091665a953b9ce1ab9efaa375,"2020-02-02 20:39:25"
ctruwert5s,98232,736eaf33249145db13ebf6a076f5877f,"2021-08-20 05:55:48"
cturk9m,87963,a182cbec42ec6000009a06faf33c7ab8,"2020-06-17 23:00:06"
cvanderweedenburgik,87217,17b02712c34b82820c45d2c96fb59d35,"2020-01-21 02:28:07"
cwarmingtonpy,65468,4f96a14ba2b5733387ff429219ddf1c4,"2020-10-29 07:51:33"
cweekleykt,58934,12a2b88e3e11f0cd7cb5e5c170bec64e,"2020-03-28 01:28:05"
cwildor1q,30545,8ad108b4e722df993a829b8cf27b2f78,"2021-04-20 14:04:47"
cwithurdt,49944,647cd985cde219e4196a50b7f61a4f59,"2021-06-04 04:06:31"
cwolfito1,74033,14e8d35ac42fd886cb6abfbd21656c6d,"2020-10-13 00:11:36"
czannuttijx,57137,6b7ba1b2152e2db3b9289f075d4b7351,"2020-09-23 21:09:26"
czywickiah,19316,32ab6d0315aeb3d6774931c81a02f377,"2020-10-18 00:26:10"
dbabidgei,52774,cdb25a1e97082ee8595752cd5895960e,"2021-10-17 06:20:32"
dbaldoni52,28859,737b3220af0286993679086e57f4ff48,"2021-04-19 11:32:23"
dbayleyar,73359,b6f096e10db9d5161a42a124d96b6f2b,"2021-02-27 20:18:52"
dborgbartoloi7,34096,e237e616a8063f6ead95e5319505c2b1,"2020-05-29 19:37:00"
dbrackley9r,87592,a7f42fdc2efc09f0168686d43578fb87,"2021-10-17 20:36:20"
dbrazear5b,57390,1b1599ead51c4476da3e166f2a6baaac,"2020-01-19 10:28:31"
dcasol1i,2095,be8469b0e37fcfeeb32c33eb286d6d4d,"2021-03-26 05:47:04"
dclaypolej2,23291,a0a3f1f4a0b1dfc22d06a495dd48ab54,"2020-09-28 07:48:49"
dclemot9z,23672,5f7a1dae0ebdf673ab4b5272ec11e193,"2021-09-06 05:24:17"
dcrowleyon,40152,040e00c0deec20924c6ceb164ecadd40,"2021-07-05 21:18:05"
dcutchiep5,49840,7a4a5f1393e6a22d91d83aa09756236c,"2020-07-06 07:05:24"
ddurning55,85603,97fbe4f2d387bd3800cea5d0c9f76dab,"2020-10-25 18:30:58"
deyckel1l,77901,93e53974696015c035e9c20c8252a5f8,"2020-06-06 16:25:30"
dfellip,9698,e87dc99bd42345fe344545dc01a49b6b,"2021-12-24 21:40:28"
dfewlassfc,83156,14917878633973a2f68c48b08acd7333,"2020-02-25 13:55:16"
dfilisove9,92680,46e1862f86a0f67187aa4ac65bfc8853,"2021-10-09 05:18:52"
dfreeburyjw,12525,63f6535edc00e21fb607f623c3f08b84,"2021-01-04 13:01:20"
dgainsboroughhm,3851,07823980ea4a3160c9b17709cd1b2bc6,"2021-07-19 21:07:29"
dgatch97,60444,d91a6d935ece7a90536060e2e6327c3d,"2020-12-31 22:02:36"
dgerhtsl0,13794,c25071245df0b88923470a8646a7ef12,"2020-03-20 12:54:41"
dgerritzenc8,18097,fae002cf5e5defe19dcd3a007719f8cd,"2021-05-25 00:10:30"
dglandfield3h,19703,49bdea4ca9088af8d4589df4b106cfc6,"2021-11-28 17:44:19"
dglasmanei,11491,c714be51541c117c3f96fa7094ce7af2,"2020-03-20 05:06:51"
dhallibone13,40997,745cd32574bbb1fb31a9427d13b30a0b,"2021-02-26 18:29:49"
dhalshawgy,75529,5d38b976cd7586e56e8244bfcb2a5420,"2021-06-16 06:30:11"
dhocking3y,66091,8bc5d4b9e79e2aa55faf779a34eaa970,"2021-07-12 04:52:09"
dhowgillhb,75972,2fc3914e9b3dbb2eeddec5254dd9a6dc,"2022-01-04 04:14:16"
dhowisoniw,48655,279952d1749e5fc8c9b930018e29fa89,"2021-07-21 10:24:51"
dhuffadinec2,40704,a7d0a580445d0608c97f6e0dca78d5a7,"2020-07-26 12:41:15"
dinglesentpu,35491,9ea036237f5ba9b4e3065b63eb58b68b,"2021-03-29 22:46:44"
divashchenkok9,7996,99334a9150d4d4ed828d75c94bfe40f5,"2021-01-28 23:12:42"
djacobowiczeo,32507,13833d97b81bd8eed935c0c3ba2af5f9,"2022-02-08 17:43:25"
djaulmeh7,45676,eb1c17ab07c85634fcde160f7182f5df,"2021-05-14 10:17:26"
dkeacho8,75286,b2996f4a2a09c6da162a655d778d6ff5,"2020-05-23 00:55:01"
dkettlestringm7,19363,7f982a2c808934ebeac1c79341807977,"2020-12-15 11:21:06"
dkhristoforovcb,90320,2ff8c5c601d3274024850a0fddcdb30a,"2022-02-01 06:31:01"
dkyddie,41810,b2be765e224095e64bea18989d8f4576,"2020-05-19 05:49:22"
dmartineauge,81522,e61cd7c219de9024f42bc3c359323eca,"2021-08-18 12:02:27"
dmartinellojn,72623,dcbaf94e8ab82c558c6016d890d5f949,"2021-07-01 00:10:16"
dmatresse88,46140,339655a25cb8abddaf5551314b3ddd36,"2020-12-25 15:52:20"
dmuirheaddy,23067,edff1dd168f052b3518044f647d61dad,"2020-11-18 14:39:49"
dnorvillb1,23019,444716165ca1c1cf37c1515988871127,"2020-05-09 03:38:15"
dohallagan23,29762,3d243a1105d3bdf0fd045cdf6f0ecbbe,"2021-03-09 08:57:20"
dordidged6,58318,d21da9f2f0de133597f4fe32a6dde4a6,"2021-09-05 11:07:22"
dpaulat6u,40179,1a9315636121bda22fbdde78c52c6c9f,"2020-01-21 14:17:54"
dpinkardmn,38550,fc4aba904562603138840a37f88baf32,"2021-12-24 12:45:08"
dplovernt,70842,6f48c94dcb52c78fdcfc90d406ca4a07,"2020-12-01 15:25:42"
dricardshn,99050,53a74c442fcc71bc47d3bd8633596908,"2020-08-13 21:02:41"
droakesgs,44374,5027a4cad5a76ed803cfef02b8971153,"2020-08-02 22:33:28"
drowthorno7,51671,7433e314f68a67ad3831355584a15f0c,"2021-01-17 17:02:11"
dsabbertonbe,82389,765c1119b1b8d617cd3ae2deec42a253,"2020-05-29 10:10:34"
dsedgmondd1,363,289a2d5cfcdeb0a9f68a84c902234754,"2020-12-20 02:29:08"
dseedhouseh3,65388,f03ca0283f7723836e726b369ce8633e,"2021-01-08 21:24:31"
dshilletog9,39104,bc8a0392582c515fdeb5b9dfd9ffa173,"2020-05-01 22:19:11"
dstentifordrm,54499,f8ef97da290377631f9d33aace3e6c21,"2020-04-01 08:37:12"
dswaffieldfu,83542,358dab5f047991f195c6219830f5ce32,"2021-12-18 23:45:17"
dswift8n,96808,660b54932a55846de10c717fd9937721,"2021-05-29 20:16:31"
dteasellif,87484,a01ea098d38c2d5cf2ed41e091f70946,"2020-09-14 20:28:34"
dturpinck,90923,f52a66a6793bc710f636ab5323005c64,"2020-04-24 16:29:38"
dverson5n,40188,94430d4cd0719543e931bb3f0544e631,"2022-02-04 03:30:42"
dzimmermanmi,45277,d9cfa923a598c9ba04f1022948861623,"2020-11-23 14:29:36"
eabadamjk,98565,05aafb5684ed1c23d61c79a4ab7c359c,"2021-09-13 19:04:55"
ealenov9a,65244,4e09ae1b16a34474637c63ff26cf3674,"2021-12-09 10:08:39"
eashbeymy,52550,a8fbcde723a8b1832b794504de25ffad,"2021-07-09 07:43:13"
ebamblettfy,11267,156341e5c5f85ae12eeda853b51dbfb7,"2021-06-05 05:58:59"
ebanked8,41119,747dcfe56d46bbf5e6291ed872f03cb0,"2020-12-12 05:21:00"
ebarmea3,79868,a4df8d9d4bc122e1990b963d7865649c,"2021-08-26 09:18:37"
ebelchemqa,47418,f1d2b6801a6d4c5c5447d630f352e5cd,"2021-02-07 12:41:42"
ecaughtead,82137,2c59e3747f936fcdc56091da8b09cfd2,"2020-03-05 10:05:44"
echadbournr5,33850,e0f93c70b7f4f26059003cc7890f5c6a,"2021-09-18 14:45:04"
eclyburn8t,3917,a58073c5dc14da81df66910dc338393a,"2021-06-27 01:12:54"
ecodd9,69781,e1444c71526835e9620633d1e312cad2,"2021-03-07 12:08:58"
edjordjevic8y,90587,08c5d7e1b25ec7f07497d7cbdc504e9d,"2020-02-04 17:56:10"
edorosarioqt,93125,e1c24c3ed4e0592b7d7cf88019fa3713,"2020-04-23 14:52:25"
edowngate7q,54107,c0133f11b7a356c23f258d81a41a0ee2,"2020-01-19 19:31:53"
eeveritten,89901,6cf84af47e2c7b5f3a998a56ccf92055,"2020-02-01 09:34:30"
efeatherstonhaughq3,21162,809a96fd3e37390e8d3eef155a851f08,"2021-05-19 13:21:04"
egorioli5f,92974,458d6e213cc2a1690dcd68bd0e9245b7,"2021-10-27 22:25:12"
ehaldondp,76059,d6de267665c06e99b495f74ad8ff68bb,"2021-04-13 16:42:20"
eitzkovichgg,8355,a2a8fcb9ee966f2012958f9c6198f080,"2020-12-06 12:33:57"
ejanodetos,74211,bd30d85b77dc8953af78a3ca64708e86,"2020-05-26 03:35:14"
ejarlmannjq,34831,3673250c925cf180d1dcaa5a5d56c285,"2020-03-23 04:05:38"
ejosefsonri,93886,7b32279a6aa9b730bbe216f5df8bf259,"2021-02-07 16:01:42"
ekalewelf,70368,a5706deea1573bc77a7df2a96aa44a16,"2020-03-19 00:28:55"
ekunp2,92021,3983cdd489200d27c3a4e3be68b04666,"2020-12-22 18:36:20"
elestor2o,15087,ea14411a9cad12aac916b0a39a9c6872,"2022-01-06 13:16:25"
emaileycl,58474,7ea2a83c120f6a683a85182274f58675,"2020-07-11 07:00:39"
emalinglz,75218,aa4e27517044ac5d8a77bbd9961ddfcd,"2020-02-17 04:27:19"
enicklenkr,2888,83244024a195c7dc5d8a16c442cba987,"2020-04-22 12:39:11"
enorreep6,77913,e097ce604e4f749babff062ccadcefcc,"2021-04-28 16:10:30"
epappsox,54356,401160bb6b8f019c43cacc778173ddc0,"2021-08-14 20:29:07"
epetruska2d,31555,52a20e8dd0d35eec562ec4de5a7008fd,"2021-01-07 11:14:11"
ericardso4,10339,ebcce23d605221a6f9e53430e357b244,"2020-08-22 23:40:28"
eroizinop,12461,eecf79438efdfa76f92313b7a0b19d5d,"2021-10-21 08:04:28"
erounsefell3x,43711,fbd86051f7e950e2989c3de3615312d3,"2021-01-07 21:30:03"
esaladin3t,18368,65d16db8da10cb019c987984942db526,"2021-06-18 21:04:22"
escurrellke,55593,0f8b0d947061523930426d01550abdd1,"2021-02-07 01:41:43"
esetonl,90957,b950ba31e55037bcb86fb108ae9f10e8,"2021-10-19 17:13:50"
etreacyp0,27854,0e8f156139d1f31aeda955241de78fe0,"2020-10-26 23:50:04"
evannuchiaj,10618,7d3cdfe77c0b836eb09fab59c01df605,"2020-05-26 12:21:50"
eyanuk99,51052,040830891cbd3140eeb188f08b5ab44d,"2020-02-18 05:17:25"
eyarrim,74433,0e0c42db7025cf987918e4e735b7067f,"2021-07-25 04:57:38"
fblanshardj5,54756,dc6604823635a83bf676f85d98a4c747,"2020-04-28 03:58:49"
fcauncer7,70467,7a965e68f193b1cac6ff1dc78838d224,"2020-12-13 19:10:55"
fdunkinson29,46071,7dfc33086a80945ce3d4d7822508a196,"2020-06-09 22:09:17"
feckersley7z,41155,70922e35b37732a56a1d9b64856f5dcf,"2021-10-16 23:13:35"
ffenningr3,67308,790c9f27b2996b2f24207b0bcb16a6ea,"2020-09-16 07:40:58"
fjacksonjj,8470,4f53dc88b89de5d21aea548a805e012d,"2021-04-01 16:14:57"
fkinkead2c,55168,0bf8943046a8146674d07126eb4f0b2b,"2020-06-09 03:59:22"
fleakeey,71962,f845693f7705d73a555c57351f73191b,"2021-11-14 19:04:50"
fleppingwellic,70771,c21edfd17a5020ae2b36879f2036e7e9,"2022-02-07 22:55:45"
flucockem,97004,c12b06fd52e938a6a8f849e3805fd9e6,"2021-10-21 04:16:52"
fmaharey31,6133,08b73b9c4eba02e6abcb037b7da475d8,"2020-12-20 17:18:39"
fmcculley10,43492,44964ac0a1309d6afc1978a9356a8c5a,"2021-10-27 23:15:29"
fpenwelljt,71161,14ea69cdd3bda4b9c8aa019e6b8eb3dc,"2020-06-30 12:33:44"
fpindredrg,60633,e5a3000564d7a5c62f9817c2feb6f597,"2021-04-20 10:40:05"
fsaffehh,11592,e3daf42955669a96010c892c2c2682a8,"2021-06-18 01:37:51"
fscotsondh,74553,b520d49982e2a6e5650de3642581e15c,"2020-04-17 03:33:29"
fscrannyde,12190,5c1ec49ca45130a94c1638bf704c0915,"2021-07-10 12:54:45"
fsleepf7,60630,b78e3ab2d06686cbbf7ba0a5267c0183,"2021-08-12 02:02:48"
ftaylor4,42267,1cefab244b3049af8e07120c4b65dd2d,"2021-03-29 20:03:39"
gabsolonku,57411,0689825fbe2108bb6cf175cfa23b78bd,"2021-12-29 07:02:30"
gamaya7h,10416,23efb183791e1d6bb590bc52bcedc886,"2020-06-22 18:03:33"
gblasebh,81199,21953fe4e25457fae7185b7f54506634,"2020-03-14 15:46:29"
gbrownleafj,49044,688232808b5d2c0b66dc7ad53bb5fab5,"2022-01-10 16:44:45"
gburde1v,1047,798bb85b54635153bb2661c7358703ca,"2021-07-08 16:07:23"
gcarnihannc,78496,61d8891b3caa0cc781f4503a2a9a0f7b,"2021-05-15 19:40:44"
gcheeld1z,82004,1e80255bf23ab9e8e8012d72b93fb556,"2020-10-21 23:14:01"
gcirlos5c,51624,2495fe864430b4f23e2b30e310e79d12,"2020-08-19 04:02:48"
gcoadyl3,42831,c9741d2938de49e0576d96f251968961,"2020-07-17 23:32:08"
gdodgsonle,49172,4d38cc18eb8f977d0250184f5f5c015d,"2021-10-20 15:20:06"
gdowsonha,48800,e7da01b3a4bf73ce2d188b9a546761b6,"2020-08-22 20:23:19"
geltoneh6,84645,41d8a285b64fc1d5b4da807d4c00daa9,"2021-06-13 15:43:13"
ggeorgescuba,69059,5eddc21c8ef62b4748ecda2d14376370,"2020-12-10 07:00:57"
ghirsch7n,50328,aea18c8af58c6344c3ce12db0b8ff842,"2020-04-05 06:18:42"
gjodlkowskipx,34703,7bf40a01006c9c7e9358cbc041b908ba,"2020-12-01 11:37:45"
gjorg3o,6409,8e64cb84ce22ddb40907155d5998e7d7,"2021-09-19 13:42:16"
gkaplinh9,9450,2665ef942006d72d314626c761f99a29,"2021-04-13 15:09:56"
glabarreqd,21872,7cab907ceacba55f0f6492803b0c2b06,"2020-06-07 03:40:57"
glibrik3,30515,0c81f1de370688c41cc491c2c022929f,"2020-09-20 18:32:32"
gmargarsongf,82941,0b1c828131c4ee62850f885b927eded6,"2021-05-04 01:02:46"
gmartschke3r,1259,cd5eb4c56b9ca2ce6ef4670b366abce6,"2022-02-07 04:08:30"
gmcilwrickio,77454,c5377bc42113761c161818e289baff2a,"2020-11-11 23:15:10"
gney78,60293,209477055964a60561ae9090c8f6adc3,"2021-09-08 00:16:55"
golyfflm,48482,edf429d7d1294e0d71105a027a2ab2b1,"2020-03-07 17:36:35"
gparnhamgi,78523,06e6eefc8a7cede440ce93b6956fe134,"2021-12-16 11:41:48"
gromushkinc4,55604,599237678bb1f2a1ccab5404a310b624,"2021-02-06 22:29:33"
gsaillrl,49767,249b4ab73d6f595f0299ec6f842d080e,"2020-08-12 04:58:51"
gtapppe,45145,69e71edc460dd3244d0a0670c73051cc,"2020-08-08 23:43:20"
gwoanlk,9864,21ddf2affd298ee542f0f5204137d75a,"2020-12-02 05:38:27"
haxstone1,81106,bb32d2588e16bd0c9321388948a77867,"2021-10-28 09:58:00"
hbovaird8q,52250,42419ac889d989966a8ad4b96aab2d2e,"2022-01-14 21:59:59"
hbraune5e,62789,c1301c475bd43c166b7a006d12ab3ecc,"2021-08-21 11:02:34"
hcasementog,22752,69a3b607f4442c52d114707ccc7b906b,"2022-02-02 12:42:10"
hclausnern2,67194,620607c4e74c63df04685e1ef833f15e,"2022-02-04 01:45:08"
hdyotte6,71925,56721a62475840f8bb39de73590e598a,"2021-05-04 12:32:14"
helgieov,61826,c2c587c3bbb07facbb7eb1813a25e0d5,"2020-09-14 00:19:44"
hfairhurstcz,27383,6a056c96f0256bb3b4aacb22d11a2cec,"2021-09-17 07:32:56"
hgoldsft,63853,8969c00d59f26ad5d4dcb243fcce0023,"2020-06-26 01:40:23"
hgorvin6z,66766,ba3572d2b7111c81212e1e596f65f1d2,"2021-10-29 12:44:53"
hguarnierhp,93870,5333d9f4b8b265f4791a02b4de188a71,"2021-06-23 06:32:37"
hheildsk8,82643,2d4d961a07493c4fead554ad9928f45c,"2021-04-13 23:34:22"
hheliarj,25386,1bf47416853fead4994319f2eb072a97,"2020-08-21 13:05:34"
higglesdenp3,38558,d62e2a39d5cdfa46fc9854ef081871f9,"2021-11-04 04:15:26"
hjodrellepg,4135,7a0e1bb3ceb99c119db0a65558691421,"2021-09-18 17:33:08"
hknotteks,31552,b47b79ebaca6406660ec1b024da88927,"2020-07-25 06:23:15"
hkunest,62280,43c4235d5470c6b18674717ba6674c32,"2020-07-21 02:17:48"
hlansberrym1,99357,e88a282fea0bc386c8322e5abcb5074d,"2020-11-21 02:38:09"
hleatehq,27260,ef412a1ff78c899d896633b661bb0d63,"2021-11-09 16:01:39"
hlouchef1,23726,fbb55c1bc76c00c927ba04dbbd0d3012,"2020-12-24 23:28:06"
hmckeeverij,5458,f172a2281159e2a24163add41810c6f8,"2020-02-19 13:17:15"
hmclaine8f,90173,a8485b2bdbdd7c56ee1bc213e5f4138c,"2021-08-23 04:42:29"
hnorcliffgp,64175,53c141323cd1988f5ca2183c880491e2,"2020-08-04 22:33:17"
hnowakowska5d,7770,62698e73c5c12ec19180a4018150d77f,"2020-04-18 21:44:38"
hodowlingp9,70059,84fbd9c126c2ae0901c496dec128ab99,"2021-10-05 20:40:07"
holenin41,61189,953461a87d027edabb80c89149b833c8,"2021-06-05 16:59:51"
homulderrignh,32073,ebc6b3b007d21c554b2dfd156fa4fac0,"2020-12-05 14:30:13"
hpockkf,58684,b4fbe3d477357bfbd27c99ba98b983b0,"2021-02-17 08:51:17"
hpurle1f,26337,26a8c838f14fbcb27d96accca6a89136,"2020-08-09 20:33:46"
hriggerthe,72255,0a628e2684ba00a52ffdbc942adb98f9,"2021-05-04 19:24:47"
hrodgmanih,35813,38597beb56ec8d8566e50fcc195d8388,"2020-05-10 15:19:11"
hshackelb8,30152,d9752b8cad57aaf3b81a91b4e2cd476d,"2022-02-01 23:53:40"
hsherrattki,50571,798128e1613e5649a2cf2772adaf81b5,"2020-12-28 03:24:49"
hstraun2h,89482,948475b52c3a04e53cfc02d3b4edb6ec,"2021-10-16 14:04:59"
htorregiani65,45034,71983e29d32fa4b937aaa96071f4d311,"2020-05-25 08:11:01"
hvargasfi,50312,124e716470ba9b638dc278524fa0bae4,"2020-05-28 01:17:14"
hwilderspoon1j,50620,45f0a007d5dd0e0ab3dc81b76af231b6,"2021-01-28 11:55:40"
iarnaldoms,8971,ebe12a2f307d51cce94c3b1db06d05f5,"2021-05-27 05:32:03"
ibilbreyk2,14879,401a683963153a927c705a6537dc0e33,"2020-07-08 07:44:07"
ibodycote8u,1974,42a68e88edf9ebb3941758349f99cd3b,"2020-05-29 10:25:29"
idawberyla,3603,b77bb7ba474b1eb9055c9dbc741d01de,"2021-03-15 16:42:35"
ifusseyol,50692,af3862e6851a98fe0fd299d719832f25,"2021-12-08 14:50:00"
igareisra7,30722,955665c433aa1e55c748e279bdace7d9,"2021-05-10 15:15:36"
ihuckerbykx,27491,bdb2e1a3f1b275274d5041ff45bf38b7,"2020-11-01 19:58:15"
iknowllerkg,45831,e947b43507740c310f95b47e2b2783cd,"2021-11-05 19:13:58"
imazzey1x,23374,5694728689b880857416d9570dced33e,"2020-11-28 13:25:03"
imurneypj,31637,9e40a8c871009a4aaa87d6c6ef457de6,"2020-10-08 02:26:15"
isibyllamm,90736,b960d4f83510a6e52f3cff0ed2288b00,"2020-09-02 09:02:03"
istreetfielddj,39261,0bab8f87701c8799b4c0e118ec3fe215,"2021-06-16 22:57:41"
itibbottse7,29335,e03ceba64de7684ceb613fdbe9bf9c2b,"2020-05-16 22:07:51"
itrimh,4021,70f43a4911d762c7cbb651cb16cc4fda,"2021-01-27 17:16:47"
itrinbeyh1,12384,18d51390e82dfd7b6ebc3774c6a35280,"2021-06-02 02:15:37"
ivonasekk0,99105,a961468a829d0a406500114ae5b5f775,"2021-11-26 08:50:45"
iwippermannjc,71556,52f344612a6c16d00687f1f7cbb9ddf0,"2021-11-14 19:37:39"
jantonsenmx,67615,abc04a31360fb5fb162984dc03da1a5c,"2020-10-23 17:46:32"
jaspdennd,40687,7d573fef751b02128552ff621315f9fa,"2020-02-13 11:52:59"
jbennionkv,64520,027029b070e4226d4aec0ba9dcf40392,"2020-10-05 17:12:30"
jborellnu,59701,6119f4e27b09c28aef300dd4ecf24f6c,"2020-11-21 03:21:17"
jbouchier8c,53642,75b6e769a60bacc4f76d09dbde788e68,"2021-04-28 20:50:04"
jbowneja,81901,cd4c2eb2debf6a6133061891a9bb3686,"2021-08-03 23:24:17"
jbrosolii2,73337,aa3197faee85549bf38e542c8de00cc7,"2021-04-27 21:33:57"
jcamin7m,56308,622d77c314afe9960b86459ebdd01f7e,"2020-09-02 01:21:15"
jclandillonq0,9818,c9f10014e3b2fce398bbbff17cfa8c22,"2021-09-09 02:23:33"
jcollcuttbz,79771,a0c743c5b6c2ac2d12e48ee447ec51ff,"2021-03-04 07:36:32"
jcrumbjo,27291,2361a790f558337e2a502f57648a2e57,"2021-09-15 10:10:57"
jdavidoffnl,592,613ba3f91c393722af466cf9c0f640ee,"2021-02-11 02:53:23"
jdobbyne,65640,d8c68076d4693b7d043d4c0023c38c68,"2020-12-16 17:42:27"
jdrysdaleep,41842,f9061b8a2b713664b7a1835d6fae4e62,"2020-07-13 13:19:29"
jepiletkb,4244,876a65f272a523086be0f46090f29a22,"2020-05-30 05:38:19"
jeppof,4067,462dc7b97f6a8c52c6d158739c384885,"2022-02-05 01:22:10"
jgeertjem6,39074,7919931ab937561ebe1bd26062c78369,"2021-01-02 01:22:48"
jgilbanks38,5802,95771145269839934be4e836d16ced1a,"2020-01-12 08:22:07"
jgirodonpr,58585,9884acb68c2fea5b20e6eb86fba2f61d,"2020-03-17 10:41:10"
jgosneyq7,60899,89b3f4be9acd68a61f01274a3a97dc4a,"2021-02-03 18:10:04"
jgossageg2,29816,8da73472d019a434790971281b221623,"2021-05-04 03:07:41"
jgulvinf6,18419,a11e859951a13fe0a9083e50cf42d623,"2022-01-11 06:48:08"
jhalfordr2,81630,ac2ef0cee1175c539163db7510ab60f6,"2021-12-01 03:49:43"
jheersemalc,85201,129ed588b4838075cdbdbd4e97bd476b,"2021-02-13 09:37:17"
jhellyerdd,84151,5faf1fa789eb1a2a8de6af449dd0aa58,"2020-06-10 08:31:44"
jingletongq,32057,3abfab2c1f20ed00e1c68f906c7b5386,"2020-07-23 22:44:19"
jivey6l,51738,f7d902683184fca58f3dfdfe95e786bc,"2021-08-03 05:59:02"
jjervisev,94504,44cd8eb70ddd8dafbed753698b24cfe4,"2021-12-10 22:19:58"
jjouanetonrh,29947,6df1225d51e58380339ecba0e5c5c1ce,"2020-05-21 21:23:36"
jlandersn1,18462,0b56b2605d366a094f12e424d1289c2e,"2021-09-17 19:03:24"
jlyddenh2,81263,ea5d2570810b1ac918973557af9c0550,"2020-01-15 10:38:00"
jmackerley7f,77835,b7ff1925ede8317ba4b788e60a3a383e,"2021-09-16 03:10:33"
jmanterfield9f,47507,1437485abf03df2803ae004a66401a66,"2021-12-27 14:50:50"
jmccrumqw,2113,321ea9d231de68c41226ccd2d0a5baf0,"2022-02-05 11:12:44"
jmckerronef,12598,3b4efb84125df478255f2b6e80bccdaf,"2021-08-23 08:58:02"
jmettetalc5,20346,a55348cd1c0f5a1bd0eb34832fda3350,"2021-04-23 07:55:21"
jnoblesfn,73196,8f3428dd8bf48f9952953180a7e6497b,"2020-07-21 07:15:30"
jnoice7c,7620,e0677f46740bf3e13d63b97b58bc6568,"2022-01-04 16:02:34"
jpawelkech,86017,2033a2677aa151c5647bc4f06b9255c9,"2020-06-29 14:24:45"
jpeponi4,65747,ad3488e10d6ca5a11f393faaa40bcedb,"2021-10-10 10:52:57"
jpotter51,75040,b706b856acbea7a33b30aadffa2bb0f1,"2020-05-01 15:32:11"
jreamqn,34050,bf0c5d20796435341ff4926abd694470,"2021-02-20 20:24:14"
jsahnowan,71597,a79a4d7353acca46f84167af4c151202,"2021-01-18 10:58:24"
jsantoragh,53902,bd6985b5055066448f7ee74a7ddd6c98,"2021-04-10 02:52:39"
jsircombll,79767,297975ee895d16bf5c9d2ebb8e741b1e,"2021-10-06 22:19:31"
jsnailhamcg,30467,047669189df788ea344b158bfbf32bf6,"2020-07-11 03:36:52"
jstockdalegl,60972,b85627d10f85f06c96ef109908ba6cbb,"2021-10-13 04:10:49"
jthurleykz,84276,04ef149b3b803e490d128350a7cd3cde,"2020-11-19 18:10:34"
jtilbyfe,52499,5a43822ca19cc4e7895317017813f34a,"2021-09-20 01:08:15"
jtregoning81,38998,b363bbfa7e7bb85f0f81e337f801cecb,"2020-07-18 14:30:01"
jvanlinthr,68479,664a97b1ebf5919a9a9476b03de84a6a,"2020-10-09 07:50:19"
jyurenevgb,50121,9fd8ec765f3e003a6fe4acd3b0f2887c,"2020-02-18 21:54:36"
kabbots8b,35984,3f87de7c074e076aa87fcb1cb19207cc,"2021-02-08 07:23:12"
kbartosek9s,32619,bc1ad908683815367685c4c83b895f9f,"2020-12-26 02:29:53"
kblasius86,95911,6cbd4fff553df000459296ea97ade63d,"2021-11-17 22:52:39"
kbrycesondl,28749,6d7b8ddde808900e77a842c201c8c655,"2021-12-25 12:43:25"
kburnittnw,83035,e631e024c21488856c53111a368a6a54,"2020-08-24 05:10:40"
kcamiesfh,18935,15aa2ba27e938035185028c36ba6fe1c,"2020-12-07 19:39:45"
kcollisfd,12456,764b50fc32fc8d69a7d26d2216df216b,"2020-10-05 23:02:48"
kconvilleqq,66246,0c735428e3c8dc654f5d46ec0a1af872,"2022-01-03 23:43:29"
kcraykeaw,46582,10ca6d67cfaba3e01ddef38488a98ff7,"2021-08-28 20:38:14"
kcullrfordkk,88841,46f78071f2b2769c1146152bf43acadd,"2021-08-02 01:35:29"
kdeperoiz,68753,834c9a3554bca36bc58eb129c5e02d93,"2021-07-24 06:01:40"
kdonovan5,6748,2e1967a41efe2aa2d73914256f151fe3,"2020-10-11 14:47:18"
kdukesburye3,9435,512f51139f302237ba35ab480834954d,"2021-08-30 19:56:44"
keastabrookr8,18534,6817ef1a7d66e60c07b49bf869588733,"2020-07-27 19:38:20"
kfiguraec,67233,653f0ea2ca1a14e1a45162e629d7f9c5,"2021-03-10 01:24:40"
kfishendenou,10627,ff1aed5c833f60912b68e6e4fbc0e683,"2020-08-15 07:46:22"
kgallandre6e,96816,cefb035cf63ef37c7b085041f197fc77,"2021-01-24 12:15:33"
kgilcriestpc,43862,3a3d8639a0693245eeabf8be83370019,"2020-10-06 13:26:36"
kglynngn,62033,68c44488753d8243ba6a31ba9706ee35,"2020-05-17 00:07:04"
khenfre4y,83886,1bba45af4b55498f9e0b6f190ad9acac,"2020-02-12 19:08:43"
kholyland4x,35544,3a615edface7ec8a62eb41e219c83424,"2021-11-12 11:51:44"
kkarlqvist8d,20367,af8d69057007d9fb1bf48a987714b245,"2020-03-18 18:36:25"
kkealylt,67085,488d9ac4e81c161dfa2a2b28c788acfb,"2020-10-23 16:06:26"
kkillenex,91311,54fc9f8d156704baba391401880b6223,"2020-07-15 14:55:05"
klorain2f,31148,4f76c802822c7cb62e486ab226ac5ce8,"2020-03-23 18:41:58"
kmanolov74,70025,a739dc78794ce8e2b3d8541d781c6d2f,"2021-05-27 02:40:49"
kmccroryx,50152,92e3b9b76f72e2b439f2ba3bf2bdf468,"2022-02-05 05:54:19"
kolifardld,22666,3cc844f307dc1101addb85381be4407a,"2021-08-16 11:38:36"
kprinettay,79291,b7aa2edccff8a8adfbead7ba7e0ad535,"2020-05-25 10:42:36"
kraggett5o,2536,85e71355b4258ecc9c234f9e90b1f75e,"2021-01-26 03:38:30"
krubinsohnn0,34564,3934febfa3b668f4742fb32f9e5ff15a,"2021-11-21 13:10:47"
ksmilliemr,33893,68ea4bdb54b84b97ffee1eed8961c166,"2020-04-26 14:56:31"
ktaphousebq,32897,29d9bfed0a339f4694e1bcb8261201b0,"2020-10-13 23:48:37"
ktrudgeonl8,20002,6a5d9cd75f43a8b04d12b382b4df3fb1,"2020-11-03 02:39:58"
kvannoort58,83981,5bd88dc3dad595b1b775064f03d89925,"2020-09-09 17:37:21"
kwilloughwayot,15630,eb88f217d2a829159a07718640f5fddb,"2020-02-10 13:12:37"
laistropo2,41146,8ebc3d12bdad4f4f24842d2d13fd88c8,"2020-05-29 17:10:37"
lashtonhurstdz,41100,1463983ca230fe8977418030e270b84f,"2020-03-04 23:01:46"
lattreedi0,10593,b5d68a37b5e6a1d891573094443b611f,"2021-07-24 12:11:25"
lbellangerd2,31372,468d03a5ff369eb169d07013e2f56961,"2021-12-28 09:02:51"
lblacketj1,738,aac680dac799ea3a076778d9624a1ec1,"2021-03-14 10:08:58"
lblasiolo,31674,b21c58bdff670eabb98b091fde6446aa,"2021-03-17 22:10:19"
lbrabinb9,95169,1e2490733c9f09298a55d1232c269ca4,"2020-06-10 08:19:14"
lbrittonerm2,23144,69fc3da7fc5657b0f54dc19c37b58b00,"2021-12-31 15:46:42"
lbruckenthalf,83217,7c7cb167ab61dd1df3a4161ff9884e54,"2021-09-02 16:36:22"
lcaddenqe,72841,6ba67000f533cef5bb3f5d6e077f1b76,"2021-04-26 10:21:33"
lcavendish4r,35023,641a799e3334f0ab2a2b7790e68424c9,"2020-06-13 22:40:19"
lchapleojb,9869,d64d8f0b0f3feef04d3296cbb34a5cea,"2020-08-16 21:26:31"
lclarkin80,72319,130480d2edddd897ed17484c2924a4a3,"2022-01-29 04:04:04"
lconradqh,85241,b9c5ef26b6a600991e1e3b92a30dfb04,"2020-12-29 14:07:59"
ldraaismaoj,68715,1121ab4b2bdb1f0d99c75e7759ca4a99,"2021-02-18 16:11:45"
ldummerlu,38428,9f4b66ceb69751971eef8c4fee557bc2,"2020-03-25 16:44:48"
ldurno7x,11701,c313f3cdd471545f50ce6ba0dcca9d56,"2021-06-23 13:12:13"
lferraropq,76461,0e005549990632838cd6534e8cb7060f,"2022-01-22 08:17:58"
lgaylepa,47455,5d700a4e8a7609c8510ae1679afdf835,"2022-01-03 00:34:41"
lgerrietmf,13494,7387094cef8c00114cd8a7ad2aae0d92,"2021-07-07 07:53:46"
lhannibalql,29304,10301f2851b66ac37bb5acb4940a0d64,"2020-02-12 10:59:17"
lharcusky,35334,c2e1f97987638355b852d4bf687cdec0,"2020-01-27 14:53:04"
lhatherleyg3,7605,dbe1397dda5b98a35477e3d951346abf,"2022-01-12 15:44:25"
lholmesv,26496,38a63cf1ec008d39ad7c1f6d17d456d1,"2021-05-22 03:08:58"
lingersonmz,34988,94b50df26c782a411955f0f3dace5882,"2021-01-21 10:01:57"
ljoannidica,26315,1f990ea0b55fbcd60324240a197bee43,"2021-08-19 17:56:44"
lmcpaken6,85088,07cd87b5103e0121a64361b97bd75622,"2021-01-27 11:06:01"
lmenichinoeg,79850,afec2173b9b4cafed27b45cf2d348fdb,"2021-05-16 07:24:25"
lmerdewnf,51360,2810e7f48100c1b47b18e4f3b283f71e,"2021-01-15 10:26:51"
lperullid4,57199,3ed0cde15b6fdaae26a596c92ec69323,"2020-02-18 22:42:17"
lpetrellobd,24546,48682fec30bbf0541cd7b67759a615bb,"2021-04-04 11:32:44"
lpridmorego,51590,f7f4ab787e999ef415589d2515ec8d20,"2021-09-23 20:20:12"
lrialli5,59295,275e849593fee141fbaa441ce3f49022,"2020-10-11 16:02:56"
ltwittyff,62293,debb803a050b7d78bb90741f3afa361b,"2021-11-25 09:16:21"
lwheatonkw,49925,0905d784d440bc854e7e5a5e5e029f11,"2021-05-07 07:05:33"
lwilkie8m,87941,a1e868701a668ced40e31e56cdaa00d7,"2020-02-02 10:39:54"
lwrothama4,21565,23674a46a41faa27ac2cc91b94f6b2cc,"2020-03-03 08:52:04"
maidlerl6,18264,c041db9bf1c631225f7813de38d6998f,"2020-12-17 04:48:54"
maps3c,52944,1c7101d7bd696c511c6d274ef178c2f7,"2021-07-29 09:50:39"
mathersmithpf,41553,5808b28acd5ebaf202be60b7c35e1bf0,"2020-10-21 17:13:20"
mbaakep4,13015,781c79601868e21a9407372718fcc123,"2021-11-26 12:06:31"
mbalsern,73321,52603efa45698ee39ccc9e619d0c3f22,"2020-10-14 02:49:11"
mbasezzimo,75967,160ae4f7bfaeeaf83f0f3c6beb3b5133,"2021-08-27 03:39:45"
mblakistonmb,83493,acdde5eb7b70d7136a3c3c66221a2355,"2020-10-09 16:31:16"
mburchq2,2673,233ad1bea675a9041921fa4930a32df9,"2020-01-30 00:58:21"
mcarsbergai,99354,5df50a77bf2e9c853fd999c7faa6cb6d,"2021-07-29 18:25:09"
mcartnerbr,63670,fe985b280f549f19b13d2726c96a8086,"2022-02-05 22:12:56"
mcasarilioz,15554,34647559ff3f7ddb1cc48e7fa226b739,"2021-12-26 05:08:42"
mcaullieredg,22498,2a8a3671e4a5f1a2fe128df88129eb12,"2020-01-26 01:10:54"
mcoggins25,87474,f0f01567a4ab9bd3cf4292b89b85e071,"2020-12-14 12:37:41"
mcouttsko,59529,5a062e0e25c23ed09020920efbadcee9,"2020-10-13 11:50:19"
mdalzelli9,43799,dde29339c576f1ae38dee1ff0c75db96,"2020-09-11 16:13:59"
mdanielovitch1h,96429,75fa097b658ce9c870297b9450900e7a,"2020-05-11 15:41:27"
mdarthf5,37968,afc0208153712aad6a207e4eb21d98ae,"2021-05-02 19:56:03"
mderrett9b,53537,625aa7365d7a944eca3070b3698fa4b8,"2020-08-27 14:38:38"
mderx1m,75497,c03ecc49d824929cd9e06942be551db1,"2020-07-09 22:47:37"
mdimitriem9,52608,de22da545065ead6bbf56515dd07e369,"2020-12-21 21:59:09"
menriques4m,20081,e21bb163e96859218caeed45fb51af73,"2021-05-06 13:26:22"
mesom1c,8071,cd018ca4f0b291b777eef88515dbbf13,"2021-12-22 20:16:30"
mfilipyev9k,72627,956b99628eed2096c3836daf83d746f1,"2020-09-03 03:43:09"
mfillingham6d,7274,7d6cacbf254a089d382f43f90e94ce29,"2020-10-09 07:50:33"
mfreddib2,84579,b522ed90af44fc95e604f0e45fb31055,"2020-07-10 15:08:20"
mfullalovenp,41527,e83f422b704fc8b08dc4d9b068b5c9c4,"2020-06-08 10:57:35"
mglynnqp,27819,037dcba004aeaa25d50b917a48b6209c,"2021-05-31 07:19:56"
mguirauj7,54810,8b8fbd2732645ebae9efccb90d0724ff,"2020-08-13 22:02:24"
mhaythorne4l,91033,458c2fa722fa1f755e3b387bbeb0ccf6,"2021-05-14 18:21:52"
mheamus6c,36335,7e82f2d0bc30c244c1a7f27bddef4525,"2020-11-13 22:40:05"
mheathfieldil,71081,483a6ae81630bcf7c81efa11ac6ada6a,"2020-01-12 13:14:01"
mheathok,23524,8fd6cfd1d6abfc1c2e44e8998feb43ee,"2021-01-13 20:23:40"
mhellwighw,7228,d34fc43ed25faf55212ec3eb890d80f8,"2020-10-10 02:06:23"
mhollebonjv,25623,5899a13e67a54b43e00a2963ff1bdd62,"2020-01-22 04:09:50"
miamittii9e,21797,d6703a6231598806485fb307d2968c5d,"2021-08-01 09:19:11"
middy6a,83531,76508ca4d558ef8fb560451c10e1a9cf,"2021-10-06 21:03:55"
mjanicki48,90924,739c6c6856a5d670492506c9f9f5dcfe,"2022-01-27 14:55:47"
mjanus6s,75787,b377dd2953f7e4856cb677b070848bd1,"2021-10-04 22:46:15"
mkenderdine1w,21638,345829324f4f964c500c3ac412260b6e,"2020-10-11 10:30:21"
mkiffinj0,29050,2528ff863fca1627391dacebf412696b,"2021-11-17 14:44:28"
mkindleysidescw,57209,3d070aba0e612fce3571b6fab6ce42ce,"2021-05-04 05:37:25"
mkorejsp,25525,f82ea883d89fbdada7d1f0cb12c1386e,"2021-06-18 17:26:57"
mlabuschagne5p,70090,74e132b4eb5f967ffa1fe612152eda1a,"2021-06-14 22:12:32"
mlaybornqi,1999,2707a6155c0ca76905404c5b84224065,"2020-11-16 07:47:15"
mleroyrp,7165,88c4a8529323517d7c059b2598444fbb,"2020-11-10 08:44:58"
mlestrangeeh,18157,6193ba64bead3fcf94c822dd9e35a467,"2021-07-24 12:10:36"
mleveom,80499,6c86668d69099dcbd8432e9352332fe9,"2021-05-25 23:47:35"
mlindelofpv,66075,a18e1c368d113e2a671087ecf1026448,"2021-10-17 20:46:00"
mlundhd,30933,88cab46297422d536f6aaed2908b03bb,"2021-05-26 16:10:17"
mlyttonhg,93065,ba0f7033a3a6e8112ef56427245fa129,"2021-01-23 07:56:57"
mmakencr,89832,d6e0838f911c440dfb75ca209988481d,"2020-11-27 23:34:06"
mmatthis3,69237,d7b2a34ce9538a547420b331e3ef36b2,"2020-06-10 05:27:22"
mmccroaryew,7010,cfdd720cdda659af408b29dea18ebf98,"2021-03-15 03:12:39"
mmildnerbx,10063,7f512af14ad5b450478532feecab2c8e,"2021-10-03 11:37:17"
mmilvarnie8g,28109,e568be026b3f34c31d6e84495331f67a,"2020-04-10 05:29:07"
mmoger4v,43516,2d96b7447ae3ab7f709e5abfefc2353c,"2022-01-11 07:36:52"
mmorstoniu,73825,f355a7e949f113442df5daf111998b65,"2020-03-16 02:01:59"
mneevebp,11028,f47894601f06f5258b337dd38e8ee522,"2020-08-09 03:36:54"
molcotk6,45121,adfd39ef8c2368ac9594a2238963cbd3,"2020-04-24 21:13:53"
mpengellyo5,58052,abcecd32a6ee3b201d1fb3c60af941e1,"2021-03-22 05:57:08"
mpinkertoneu,96901,e41305fcd2ab531cf14270559b09ae9d,"2021-08-06 18:55:33"
mplunkettoc,18660,421250bfb7aef7395b19987a60cd58cc,"2021-02-05 14:43:20"
mpopley,82433,d4a9f92ed308c4032e4599ef74685f24,"2022-02-06 06:06:20"
mpowis1s,98294,63d0cc1a8832c8373e2d8bca0b95efc8,"2021-09-26 12:09:04"
mrevieka,25687,7ef11130a9c6bec92c1fcc6d0e265390,"2020-04-11 08:57:39"
msandelsns,3414,be94dd78f01a652f275bc03ba0b98139,"2021-02-15 10:49:28"
msauntby,33687,cacc8f6c9933b4aa01c5503cd2a05e38,"2020-07-25 04:06:37"
mschuttg1,9334,aa87b52cb393a06c681637dd86f8e896,"2020-05-02 13:53:21"
mshalcros45,74159,b35c477e5b4b72faba4490bf50459a9a,"2021-05-11 10:13:46"
mstorckek4,25027,a35f2af81298a2a66061f52ad2f11eec,"2021-01-09 04:47:00"
mtezurem,8082,91ec544245c9ef52231556579dfcb9d9,"2022-01-01 13:23:47"
mtorveygj,28320,17ee30591395942e122ae73a96cafbe2,"2022-01-12 20:53:37"
mvaissierepk,65339,82e3a9bc61f717dfefded87fa67f4f0f,"2020-08-11 00:40:23"
mvalasekbm,86564,b686bc267198d0b8a76721b7999b4792,"2020-10-25 00:48:04"
mvanderspohr5q,56681,d6f494e467ce018a7d52b503b961cd07,"2021-06-12 03:18:36"
mvanyushkinf0,97862,432504c8cd63895a0ee507acfd0eca88,"2021-10-24 20:25:05"
mvedishchev98,49254,5954f67f1d5fe5b1b51f925d2a873b47,"2020-07-10 19:35:34"
mwattersl5,55080,3387cc8fc25d7cabc9548e837140b783,"2021-01-04 02:39:01"
mwilkison4j,3233,104a6406d7d814524f4c02eee79f49c4,"2021-12-06 17:55:33"
mworviell4d,65703,0124ff8976d773c556c9dc08155066be,"2020-12-03 23:49:31"
myonda,19277,e0ccdc82cdd311bb5af83be5676d8bb2,"2020-02-14 01:38:13"
nbicheno66,74938,b3c597f0d5233f5100c8f31903bc23dd,"2020-07-16 11:20:08"
nbifield26,50339,1a28913bb7faf52704a094c28e18132b,"2021-08-04 16:05:33"
nblintp8,81997,202c0a76646f29ff27d93e5f0d0c8e23,"2021-03-25 06:27:42"
nbrownhill6w,4903,6e287f5d8ce65ac37a5e792e2747c834,"2021-01-07 09:11:00"
ncarlettoo,55180,cd4dbf62801b971030a73ad1cae61ca2,"2021-08-09 02:44:17"
nchannergv,4300,e9b8d59b0591e282fab30e0b21d32a95,"2021-07-18 15:58:28"
nclewettaa,85081,43cc519164f980d87ba823eac8028257,"2020-07-01 14:12:01"
ndenningtoneq,77839,0a1662a034bb574bbc849318612504e6,"2021-09-16 07:01:16"
ndugaldoq,13215,9b03f94fdca9ac222393b19514d4aafa,"2021-10-29 06:25:52"
nfallawe6b,50542,b6f98fe2bfe07c8c5c6a3ebab0f1528c,"2021-12-10 17:37:46"
ngally7,41366,ab481defbd6f0d4d568bf430b4936ca1,"2020-10-18 12:53:22"
ngibbaq,31078,29ecc013edab9170c05c394f03c0d78b,"2020-07-18 10:05:24"
ngosselinre,18194,045d737bc9868b352729acecfc5478ff,"2021-06-17 14:52:49"
nhayles7j,65983,8515cc88592a6d791bc6e848088aee22,"2021-08-30 13:26:39"
nheekskc,89931,97d00e4881854bd459f689e0375b0c0b,"2021-10-04 12:55:55"
nironmongerj6,14851,1811f261864492f9f7c3732082082912,"2021-03-29 02:30:17"
njanjic6k,72800,93a15c70c3608a8d3fc892b3c9e31d74,"2022-01-15 17:16:13"
njorgnj,49543,c4f4da8a28a5b3ac56401a6808f78e83,"2021-12-14 21:47:09"
nkubasiewiczce,86115,68fd37826b2c5bd42c1cf62a73a33161,"2021-03-17 09:44:18"
nlendrem2i,90305,f4c2f267af515efee9e138ce9cb68a3f,"2020-03-23 07:34:46"
nludwikiewiczal,40772,5816cccf71e9b20a3c2f7ca34328a262,"2021-12-07 01:13:13"
nlutwidgeod,61924,c782ecfc59736fac6fd85ef2bb38b517,"2021-03-29 13:21:49"
nmazzeydw,9621,7e9fdf10a9e83956e4fa7ae90f251a2e,"2020-12-17 04:18:53"
nmcculley8w,25482,9258d5c84788cfb35bf0dcfc831bfecd,"2020-06-23 01:44:18"
noneilc1,97568,6160f66510961cb39aa2d3c9ca8813ab,"2020-01-16 16:05:08"
nplinckqk,24457,b3ce9287b73d1b6c6d2b40f07365eb9a,"2021-03-30 22:26:19"
nporcasrj,86575,2d955d6296c33a87d87e97d73c04d208,"2020-06-08 11:09:32"
nstoyleqg,24817,24f916909f3f34902a763c9537943cfd,"2021-07-26 08:23:02"
ntennockqf,92359,86c8774f64c5388d6a71555ba1e48454,"2021-02-21 23:40:17"
nwigan8a,31471,6b30f168be7a5beab6628f9dea1ae651,"2021-11-11 23:45:08"
obansal9,66726,52a65497003393fee28f18bea09f5741,"2022-01-01 23:45:35"
obothbiegt,84560,39a4310427ffe32db827c313245143fe,"2021-05-21 21:28:27"
odady2x,6114,bd3361963490da2c9cae0235167f0749,"2021-08-17 13:19:27"
odegoeymj,55130,0ad6e5cfd3b2e795268da0b673a3a557,"2020-10-26 09:13:41"
odiableo,92446,46b66c4701a27c976769c680e9e17902,"2022-02-07 22:13:52"
ogreenhampi,60305,9820a5f844a4c00fe19854fefcc4d24d,"2020-09-11 19:37:35"
olosekefm,13779,0f1a567d6638705d5de14065a39c6b02,"2020-05-15 01:48:33"
omcilreavyb5,19071,1beeb60ae04f1c5c97296c740894cf53,"2022-01-11 22:49:48"
orenade,38332,6eb4defc9d65f8e1233841899fef136c,"2021-06-28 09:43:59"
osall4f,56681,7cbc6912289c609e648b1f2c05ccb762,"2021-11-26 23:38:30"
oshevellq9,31946,bcb45f2c2ee0e7d38b876e0e94b7ce00,"2020-02-03 05:30:29"
owashingtondq,96844,5136123cb82b23e009c276c2263179fb,"2020-12-03 05:20:19"
pblaydon8v,52532,03f13119d5e985756d063e264518224f,"2020-11-20 13:54:20"
pbloggettn9,26513,be91438d4f6209922d94ef971564c949,"2021-12-12 07:37:13"
pbrownseym3,30968,586ef25a322dce7ea790ecd7acd3cd8a,"2020-03-06 04:53:49"
pdrewettfw,49785,1fbd3b9bdd2c1f9ee80f690f7770de1e,"2020-12-31 00:18:34"
pdumbleton6n,67212,d189c4c540efd790df946486301b4282,"2020-12-18 06:05:14"
pdunckley1,28961,cfd9de54cf6a882e349b77a06ad13969,"2020-03-27 00:57:29"
pfaillgz,45362,8ae3132706e5a83400a01175ab514b13,"2020-12-11 13:16:59"
pfantonetti5a,1231,64c5dc66c01dd00dc591eacbb6d47515,"2021-01-08 16:49:36"
pfaslerf8,15133,35188260e81bc246a60f61c156431f8b,"2020-10-17 08:21:06"
pfilochovg4,76446,3b9ebff73d234a8cdb57e68cfdcef4d7,"2020-09-27 17:46:48"
pfranekap,16283,7ffe1efdb735958569074c083704795a,"2021-12-26 09:44:22"
pgriniov8j,21369,eb0c1cbbbe475e83bc97c6c566a6d4e6,"2020-07-22 18:41:35"
pimorebb,59472,0965a1ee5a228aa9ce1f8d4b15ce6f2d,"2020-11-06 16:38:02"
pknibb89,37655,f3440850b585aff66999f06c86b1439b,"2021-03-30 06:11:00"
plangerg6,80199,04f71673e8511ef72959a4eb0f17c57e,"2020-12-14 06:26:40"
plebrunqy,84893,7fc0998f5afdaf8d57933e623f875d63,"2021-10-24 16:11:53"
pmatuska3g,91181,ca73e2e2c7d2fdc8efe36276ac473478,"2021-08-06 23:48:13"
pmithunq8,68403,6431a434fa1d6ea27b2a4c7806423546,"2022-01-22 07:55:59"
podoneganjd,79031,c01da410d308985911f566a680e7c053,"2020-03-24 04:08:46"
ppaybodym0,85960,b1b3731057eb15e0a0bf01ddcfc8874c,"2021-01-02 22:44:31"
ppicken9w,21977,d35c40ba805837658d99bcd154cf8186,"2020-06-21 13:32:52"
pramsteadig,43918,d52ad43e520b0ea04de2bdb7841430dc,"2022-01-31 08:44:02"
prumpk5,36648,7e6d634b016c6c48707004c69b9d7b32,"2021-09-22 06:48:22"
prumpkj,1053,10d9dd17d2840532c71d8d87c31958f1,"2020-09-11 07:08:11"
pvyelps,90189,0426bdf734955e91e4e920d9b67981e8,"2021-04-28 18:09:33"
pwandbn,4114,fd65d20ffbcb2673e65735cbf1536d6c,"2020-08-20 06:59:03"
qfieldingfv,66477,82400aef871f856e1c963d08803968fc,"2020-12-22 04:39:11"
qkewzickjf,26035,c756bfd19a3dbac5d6a48347864bf1be,"2020-09-05 18:07:39"
qmeader4,96370,3a256423774fe07932f39c0d54384117,"2022-01-06 07:27:25"
rabela44,96727,c034a606c4c8df57415ef6c08cba6816,"2020-02-07 08:37:02"
ralbinml,70478,a36fe3d75c46e0a242338a2da5ea916e,"2021-04-10 12:00:35"
rarnout90,68545,0273f18ae64f306f075635628c7a92ac,"2020-03-05 03:08:45"
rbinnall61,68055,41570e14704a1290cb0933cd88452749,"2020-07-10 19:41:10"
rbroadfield7t,76138,bc59685868e38f99a84b58dc9e000e0a,"2021-05-20 22:14:01"
rbrydellci,34127,2b68e79aa403c1fc03e846eaf9bbc4da,"2020-02-28 14:50:17"
rburgerae,63178,45bf084af2dfa52168163b5c47203e89,"2021-06-23 20:46:51"
rbutterishy,93238,52c827a50749b18ac4fd6c278d13bb39,"2021-01-23 13:47:25"
rbywaterc7,2929,5a3d6231067ace3fd6801343fb0f7863,"2021-08-27 14:11:07"
rcathersidesa,16521,12064b3822ea6700b08fd7dcf38b0e5f,"2021-06-20 15:14:51"
rchippingqj,87548,99c7780cb011576f9a334ed8399c5e83,"2020-11-10 18:11:23"
rcircuit67,14719,00c2ca344360adde462e7881ad988f29,"2020-03-31 02:20:46"
rclewlow54,91737,132272d3c3b7831e6b85f03e246b871a,"2021-05-05 18:34:20"
rcotheypl,10538,4a0b6afebad4205380e019d5b1e90297,"2021-12-06 03:02:21"
rcowopek7,74593,481f918ba9f936291ddf14c2574814d6,"2022-01-04 08:47:10"
rdunan4b,22432,1b8a273c8dfbaeb544b775bd8ee3157a,"2020-10-23 04:49:49"
rdurston7a,54880,fd4abd096e38d71c81da511f2605656e,"2020-05-12 06:02:19"
rfinnlp,40833,ea9a134fb9b79d494cabc05a5e5cf20c,"2020-05-18 18:41:05"
rflemmichgk,81912,39fa7c5ef105c8fadbf37af93f80a194,"2021-07-07 16:04:04"
rfrodsamcc,88840,061ca811b2869dcc9b0d170171cc70ee,"2020-08-01 14:08:18"
rfydoeqc,50757,d65a41a9709a769728fa3a67995a64fb,"2021-12-04 09:26:45"
rhatchellbi,64827,ef50fb5ce040fe73de8ab38564b4e398,"2020-02-23 05:48:56"
rhuerta5y,74902,3645359b6d36a79f84a146b495f51dc4,"2020-05-28 16:22:48"
rivashkovp7,39696,f87f0dc23eb9a249ba66f9a847ae0572,"2022-02-07 02:25:37"
rkeneleyside9c,80108,4529f8cd8f7e06ca3994eaead53c4a6e,"2020-03-19 14:02:12"
rkmiec69,64804,e61a388ccdd61e4adf1bf208dbc87052,"2021-02-10 21:27:21"
rkoeppkeh8,10303,49ed7e04b0d598e5da0e23dec83599e9,"2020-08-14 16:11:44"
rmattisssenb7,12520,db0ad9ffda5cf37b9e4b417b8934cc61,"2020-09-06 00:50:08"
rmickleburghnb,45155,7853bac6d53872ab1df5f02a530f2ffd,"2021-05-24 21:00:47"
roferb3,45268,24505d0776bff632499c84cd7b8d41ef,"2020-05-12 08:10:10"
rolenichevdo,53705,2fd8c406baa44cdea37a89b218ab3e56,"2020-09-27 08:46:19"
roxburgh6m,12990,fe189c56c92cef15a4cbdf37383c42b4,"2021-10-29 12:23:49"
rpenright94,63462,d8e7f33c52414a813ff4f7c134cf3ab3,"2020-04-06 18:32:24"
rpoggoa,88875,fa17ab06d69db511e5ccd836f83dca24,"2020-03-20 18:05:10"
rpudge8i,17476,8ef8ccd4957363ac7bc883b8a3e17260,"2020-11-04 19:26:45"
rreyner2t,32168,774d450fc0ec639238e9022e445df6f1,"2021-04-21 04:08:19"
rrillattro,53923,f1b3f9c48a34779bf6922efcc2639f6a,"2021-11-17 02:19:42"
rsenogles75,35026,678b1997da8657e8c2293dd566c7b7da,"2021-05-13 05:15:53"
rsmithemanob,80197,3709ca1dd519407e20d08192c7d33a08,"2021-07-30 06:46:06"
rsnaryi3,8516,6727ee3640e0b5157e12383b9c21d9fe,"2021-05-28 06:04:54"
rsomerscales2e,40028,d01ad2821ad60338bdde23a884f77ccd,"2021-02-09 23:03:41"
rsquibbshx,83887,026423e917dc5a8f85fdc590cdfa7a69,"2020-09-23 15:05:18"
rtwycross7v,33608,047ca9cc5fc5b24245355781a57e4dfb,"2021-09-26 18:53:23"
rwahneris,83580,e90964052c7440ffa252bbf13214561b,"2020-08-14 09:10:29"
rwrattenlg,85544,a977056a970abdd66d525e4fc528007f,"2021-06-13 07:28:43"
sadamidesn8,73121,d09409e91ae549d0d7e9686360b18464,"2021-08-21 23:55:59"
sallsobrook2v,19404,180a59ce19ed1aa49208795c29b244cd,"2020-01-29 05:38:04"
sattersollc0,10586,93a2cfc1fc1f87bdfcee08b5bc2effe5,"2021-02-20 14:23:16"
saubinq4,26500,fc57d012ea6313d18518c1f0de7f47cb,"2020-01-12 18:19:02"
sbaldinipm,8229,6a3d9303b02a8f641f40f3f78cada96f,"2021-06-07 05:45:25"
sbarette7e,17863,72d8535c567643ac6d420a05a3fccf22,"2021-04-09 13:54:29"
sbartrapf2,65341,60a17492137d7c70e8d6e81c2cdb985a,"2021-03-16 16:14:05"
sbotterellix,80724,e7688cfa73237f5fd2402fe8323904d8,"2021-10-15 17:23:21"
sbrewis5w,45689,5c0b20bda2e2d0e56fabd4ad8929a991,"2020-09-30 05:26:34"
sbromidgehk,41586,223ec1a220edef65eb1718a1225381ed,"2021-09-28 13:44:28"
sbruinsfb,78929,5559001eb9147a08ed01bff84c4158cc,"2021-07-26 08:02:28"
sbrydson2l,25390,847dbd70888dbf31b18e578638225479,"2020-06-17 01:10:42"
sbudgeyfg,72054,e82426604d17d1212fe56990cf1200c3,"2020-12-14 20:27:07"
sbusseyo3,40517,09f073f1383689afde0847fab9886855,"2021-06-12 21:34:12"
scaesarh5,21334,e8b5b50b098d492148f0a823bf99c4b4,"2020-03-17 11:30:08"
scarrolfz,40693,272c8c5d4a8243a20b0639258791b6e9,"2020-08-28 19:03:06"
schivertonr9,81164,cb129254a03ea60c259801e24155994d,"2020-07-24 05:42:28"
scleevergr,75879,5e2186405c21fad47df7b2925c403205,"2020-09-23 12:09:15"
sclimo5t,11235,d57fdb9fbcd0c638b9befed48e71ba18,"2021-11-18 20:53:10"
scowey85,30551,7a79363eba89cdc045d5d707b767b113,"2021-02-18 10:12:06"
sdehooch1g,79363,8f6a35d01a14182de04b5f977bcc0eb5,"2022-01-21 08:55:16"
sdericutf4,32950,4bfdf2972b31e3d1e7ca5a28cb9196f4,"2020-03-17 16:08:32"
sdower3z,11792,4273f9ffb2ebf5a89aa0aa41f75c8cbb,"2020-08-28 18:59:53"
seliezs,27507,5a4eb85e9b7a6490fa74d60073e6c439,"2021-01-29 04:07:01"
sfayneme,16514,eb4bf069c76686b5f35fe8c48f4b1cf4,"2020-11-27 03:39:53"
sfieldgatept,66201,83ef111143c2731a1f6643da33fdd02d,"2021-09-22 00:34:34"
sfikegu,9208,cfa4b6672ab382dfff5497dfa708420b,"2022-01-27 09:30:40"
sfoskenq5,79140,e9ab0e6b0b4a4264fbceced39633ee83,"2020-05-29 03:40:35"
sgelemandx,20796,2ffd69a9a286ad58574fc27e8aeedfa3,"2020-03-31 10:49:00"
sgledebc,82866,3319f573e040aea9328b209703ef82f7,"2020-03-07 10:51:22"
sgoodrickfa,87299,155cd71526eaeadc19990b2e328545f7,"2020-10-04 10:02:42"
sgraal4o,12892,6c0756006d3bebf2a46c8f6ed4c6f90e,"2021-04-08 13:37:17"
sgraeberer,59259,41f4796be8a86b346445f4a63aaff9d2,"2020-02-25 06:55:27"
sgressl4,9889,fd4a18aed6265725d10b761ab7913c28,"2020-07-15 16:34:11"
shardistry6i,54572,ce663bf47b553ce70287b62bdaad43a9,"2021-02-15 01:05:09"
siacovelli7w,47870,5d74fcb77fd172b5ea940cb75572596a,"2021-11-24 03:21:23"
sivkovichu,18382,e78452a47d2f12e59b11744eccca284a,"2020-07-24 04:00:44"
sizzettpn,18428,40bef191f29ad9989ea884ebc3d3cea8,"2020-04-03 17:13:26"
sjoesburycm,84708,ef984910a20ab94731ee192291fa9b19,"2021-04-20 20:02:13"
skneedi,43602,f7d6862f1fc8fd2c91bca01a049e3802,"2020-02-23 22:23:33"
slukehurstbj,66070,55d6d65a8c2bec26035d2fa5b480de18,"2021-10-06 00:30:11"
slusheyrb,62926,934ce64a10088f6b0286e7d3ad784d76,"2021-01-03 17:36:08"
smackro7o,955,ec1e7e2debd2332e66b99b585b8d310e,"2022-01-04 06:56:23"
smarwood8,51825,12a7cb124236549563a4a20724ddd9e9,"2021-11-16 01:38:09"
smattiassi34,76080,9791a15362274f7abe9b60a5ed5ee228,"2020-01-28 12:19:17"
smccrown5,79107,2b3e05205e23436d56b6daf18fa3903a,"2021-07-28 10:16:19"
smcwhinnierr,18310,de034ffc22d59fc5ab62872618aa3087,"2021-08-10 18:47:41"
smendeshf,35942,9bc68f84bc3c8380dd6425f1332797fb,"2020-10-15 04:43:43"
smosconemq,18110,94e3311811ebfbd16ec8efd28eb389b0,"2021-02-02 14:47:22"
smuat2u,20607,0169b91194a0698e0991d3289a2a321b,"2020-09-08 18:50:47"
soakenfordl7,28547,9fb69b5fd105a9b2612a4ea9d1600263,"2020-08-11 04:09:25"
sobeeo9,56928,5e0e4759d4ee29a2233797bd3373b87a,"2020-07-07 10:20:43"
spapescu,24721,943f1d6b95cf90161ab0855609b7429e,"2021-05-12 00:14:43"
spargeterct,57347,dc7e8f6a6f39603005e73c3d8398ac48,"2021-11-15 04:26:36"
sprazor5g,67116,9012ecaf96badb6a8e30e22d7b9a641c,"2021-07-05 02:30:45"
ssheepy2s,59083,78baa122941785814b673e4b37d1778b,"2020-07-04 12:09:30"
sshercliff8l,18532,ddc209f916e9701acc44af23e4ed4d02,"2020-06-06 08:21:11"
ssizey2y,20364,913e8d178a7ece27f7fc2fb8a2cb8405,"2021-09-25 01:21:49"
sslowcockmw,20127,ba868875f9818be7e21b89c67cd95dcf,"2021-11-30 18:39:50"
sspratley2r,99149,1c19d9e7feaaa30382e0d30d45720f49,"2021-08-24 02:04:57"
svickarman6r,2690,1cf5ecb67194c8d6fcfe0e623d25d808,"2020-03-28 22:57:34"
swagen72,58772,f1ded9e2544f9ca76af08dba1c308a66,"2020-06-19 15:11:25"
swainedk,92456,100c7ff190542446f288cdee7c470e72,"2022-01-12 20:24:22"
syitzhok7k,27727,9528ffc989595d493afb40fce312cb47,"2021-07-07 19:28:31"
tallwardbw,94717,9a7dec89177b2498c67daa3102b5bdae,"2020-12-26 12:35:42"
tandreazzibt,50074,0716eded407cc68a766ffb35a318732f,"2022-01-01 18:51:52"
tbarnewellenx,98960,6f97c4bdc24d344da189d819142e6722,"2020-05-06 04:58:53"
tbathower1,29579,25ec76d504748e3f902f28f8442ad4a2,"2020-07-24 07:52:46"
tbautisteit,71363,aa85e1acd29c800ed4300a48adffe576,"2020-03-13 15:19:51"
tcanlinq1,89693,649e564384ec3dc430685f1bb9e9180e,"2021-05-17 07:07:04"
tcartner6t,61895,a4aa4a1d769adf375003e1c1f4912a0d,"2020-12-03 15:55:15"
tchevaliermg,68781,f64a6e22b8991f77f9c0387fc7bd6df4,"2020-09-14 20:51:04"
tcrillyiq,49790,2d62780acfe962607b635cdf1525d8a7,"2021-09-23 08:50:08"
tdaniheldn,26985,d62a8560973b118cda753f60f8269757,"2021-04-19 01:21:25"
tdeboick2g,64614,1b05a98460e9da5004a987d0f9cc5952,"2021-02-19 06:36:42"
tdiffley8x,84798,ffc3dd88b1e28d45f819663b350c1bfb,"2020-08-17 17:50:08"
tdimeo9g,29639,7fa0b38ab9716aa6cf2689431998ba12,"2022-01-23 06:50:53"
tdunnanhv,99964,b440728b45e1b00cfc0b05c1ffc58f36,"2021-04-20 08:33:24"
teggertonkp,32572,6223eb6fd5f7fa4ec8a6159aa4370069,"2021-08-16 19:00:14"
tengalq,19188,75231713fe6a90372270d46a67fce8de,"2020-12-12 09:18:04"
tfryerskd,71423,8ab2d13fa367b122ad7e09a9e643ec7f,"2020-05-15 17:00:16"
tfugglesma,84355,4c598238c3878f0a1c04f499b3dff3a9,"2020-08-17 18:44:56"
tgilliesid,59946,9079794e427052ed84eab3ef82668dad,"2021-08-01 02:40:46"
tgioriogd,79775,f188879fd94a348ad5a0d3ddf6c631ca,"2021-06-23 13:34:48"
tgribble7b,76219,2640fc1c2b8b36197e516d904cd0d781,"2020-03-09 22:35:02"
tguiel63,30182,848b64ad35972b34d09b3312829902f5,"2021-03-02 05:14:57"
thuntressmt,87504,8588ec8d0fc7cb4374c07791fd781202,"2020-07-02 15:14:46"
tionnidisjr,90936,8ed9e8cadf44f9846cc5b66f100df56a,"2020-04-13 22:36:32"
tjirieckd0,40246,391592b6dadbd99875afd9219e77e9fa,"2021-12-14 04:21:45"
tjovanovicir,46261,aa08ad4a7e44c367699ec79c1f3af070,"2020-02-24 22:39:28"
tkeyzmanga,16755,d6787eb9f2192baaf7d760708d34df8f,"2020-02-13 21:38:21"
tkings20,1997,1026ab5783a390ce8a7d43647cfe3892,"2022-02-01 22:00:12"
tkirkwoodna,87154,48d9f6ce8dd04bd00b06d933f02630c7,"2021-01-02 13:56:04"
tluby9i,37964,99633c07edcd785f10c96d39948f0902,"2021-09-13 20:04:30"
tmaccheyneqs,36924,37fbe234922a04be575d65f8d8e88680,"2021-10-29 22:34:13"
tmccaffertymp,59887,d7deecf269b8143cd21e9e8e55ac77d1,"2021-12-23 14:14:40"
tmclaffertyje,5548,e41488085672ef9e1b9275729fbff655,"2020-11-28 21:35:37"
tmcmanamonj9,66437,59824db38e5bc4297a72070905f3fb60,"2021-05-12 12:48:39"
tneyo6,12372,b7535beb88f1ab2b5106d3a7dee2dd18,"2021-08-11 01:51:02"
tnorthbridge1k,37139,b6edeff4aa89c1167417f4099114f2b0,"2020-12-28 22:32:59"
tnugentr0,94300,44cbd4828af157653992d24946c78da2,"2022-01-30 13:52:56"
toverpo,57458,dc5150703c85303304c86ad624d266c8,"2020-09-17 14:21:08"
tpiburnmd,43003,34f2a58e8785c72550429e69acd7f752,"2020-11-29 06:41:01"
troizfr,99932,f6c8d88b33e9cd1422845e0dfbdc9ccd,"2021-04-10 09:49:09"
tschlagh2m,11688,9a45de4dd040f8b2a70d0dbc5665ccf5,"2021-01-02 11:42:38"
tschollarpb,22686,05a37f76e5b091219d9ed027ebd6dc6c,"2020-11-02 18:26:17"
tstackbridgeg7,25853,ea136929581ad9e7f6e6e80c8da92239,"2020-04-05 03:01:20"
ttumiellip1,87037,ff9fe7035fa1ac29257b09227a0bd7f9,"2021-12-05 10:00:51"
tweakley7u,21023,f511346b0896923fd26a3007830ed7a3,"2021-11-14 01:34:35"
twoodsfordow,16106,bea7f529c630609ec3ed3ca37203ab0f,"2020-07-05 13:18:41"
ufirmancy,16805,2a3f315112bc086dc8ac76f164f7a6fd,"2020-08-01 05:23:21"
ufleemingn7,74355,9fe9edee2cb189acba03e370a6a5e543,"2020-08-26 08:02:00"
uglidegx,61508,782460aa03cb4ddbd4aa5bcca6d32a57,"2021-06-06 19:56:00"
ugorst3s,99466,165bbbd6cc252d60019a1872f7de70c8,"2020-03-27 11:13:08"
uhindge5i,36282,55f598024caca90149591667c965b7e6,"2020-05-17 07:04:33"
ujendrichiv,94169,7ec19e0083cc62b5be648334e5598513,"2020-11-27 00:39:54"
ulawthernz,62678,cb462786277dac72c149ac37d537942b,"2021-01-16 14:50:12"
uvedyaev93,43372,886bc37af67bf512d758a1136c5a4b2e,"2021-05-30 04:59:42"
uvogeleng,59969,04fbfed3f48f468dcfbbc2fc913c7953,"2020-07-30 09:58:30"
vbartolommeod3,49059,2384df969c0887e9b44312c8287c7bdb,"2020-02-10 23:18:35"
vbredburycx,92408,9dc0d19d43e8f8da70cf285828971356,"2021-07-01 15:18:36"
vchippendalemv,14218,6896bc26f1970e073ce38f165fb5bf37,"2020-07-01 18:06:29"
vduly8z,38484,c1aa47040909c011404bde576feb6a90,"2020-10-17 06:54:57"
vfearon7s,3232,77e9fa6a964dfc2ff3a576035e6db1cf,"2021-01-01 06:52:50"
vkillingbackqm,15058,ed2233c1809baebe8152b4d5ab83ebdf,"2020-05-06 21:47:49"
vmathivon1e,57011,dd1962448c25fef324cfc720ee052c37,"2020-03-21 13:20:13"
vmayallju,47689,71fe156a038ee9611b1d9d36115ac0d7,"2021-05-26 04:44:40"
vmccutheon71,92994,06fcda3e9fc81cadb833f81bda527c5f,"2021-12-09 10:34:41"
vpetitfs,37698,8a40e163bbc37f115c2d5d50e918ad90,"2021-04-28 12:56:28"
vporkissiy,79324,68c99a7c687a3517b190fabbb5d110c2,"2020-07-29 22:19:50"
vprettjohnhl,67878,bdabacbdab50c62ab5a198f98b2b9ddc,"2021-05-17 13:52:45"
wabbottdc,75776,ffb92d29eb94ef6da717b380bc650c86,"2021-06-25 01:47:21"
wbrockwell46,28844,ff6fefd307ea0f41742808ecd0fd34bf,"2020-05-28 19:46:54"
wcamplingc3,66054,6c0e879c83c153ca6f4964c454116d6d,"2021-11-27 08:44:51"
wcarvilla62,95443,2b252ebe11c2921a316082be461b9853,"2020-11-02 04:43:27"
wcordeauee,18937,db8d2c506aaf0bf758aae9b755bb1271,"2020-10-20 13:32:26"
wdooleq6,824,359c8d5315b38f2d2ab555216bb7b92f,"2021-01-19 05:46:34"
wdudnyrd,45220,0a85959efe1535b57dd72c2d096a8356,"2020-02-15 10:39:32"
wfarhertyfl,51763,5d8b62bcff2f09e2c661c8f600d07675,"2020-05-19 11:48:13"
wgazen4,76520,e7b449c5283041fd1a1687e15f32943a,"2020-11-12 02:37:27"
wgouthoe,88014,c81431f89698f31f925a47c5c450d286,"2021-03-12 23:33:31"
wheyballm8,83589,8fc18b409b3fa275059eca3c7af49f82,"2020-03-21 23:15:31"
whurchenq,96080,20df4157fa6aeceabcbe24a18c2dca9f,"2021-01-14 05:54:52"
wikringillpp,73225,0f253139643cb65db3b3dd165b82552f,"2020-12-16 22:33:19"
wmallabydr,26566,f24ed0468ae8b64b2f903807e2919577,"2020-06-17 18:04:15"
wnial36,45724,1158d31424e77ed3b8c3e92c53397346,"2022-01-16 12:57:57"
womullane3e,29667,c9a47beec9710772f971989583886968,"2020-10-13 08:40:01"
wrawstron9y,52168,e82babcffe5917b2878962b55db2b638,"2021-08-08 12:39:24"
wsadler6f,24191,9aae0d7e0ef0d65c3cab00e1e7a947b7,"2021-01-27 00:33:03"
wsanbrook50,90114,001cc5b3639ded9c207017ed28dd9d58,"2021-10-17 17:26:29"
wspurreb,94447,acd2a9ef8bd9672b56ffbc3b31a2ce1b,"2022-01-24 04:21:39"
wszymonowiczph,83469,63763feab1c7c7bebdc1aac7d955319e,"2021-01-12 11:25:06"
wvanstone91,35904,651ff21e29c527e5c3bf28aa0e70c48d,"2021-04-15 16:01:48"
wwaszczykowskig0,30948,e03e710336f4fd6bfe11d8ecabb10a65,"2021-03-12 23:04:35"
xlehuquetrq,64876,ff204b5f6635d1b546d242a7be11f9b3,"2021-07-02 20:34:11"
xlemar16,54117,b34dc525086d17a121d048eba7b19f26,"2020-12-18 01:10:45"
xyankinh0,44353,726c3e30fae606cfbda62a0e4aad2fba,"2021-08-16 01:58:38"
ybonsalei1,55648,8d33d9cfced1bc7c441e33ef4b232309,"2020-05-16 19:14:27"
ylatus22,58137,84f681541211eacd9c48a9b36744a5de,"2022-01-06 04:08:56"
ystarr1a,3785,34e226fe085b4dc0bf66401556b0f2e5,"2021-12-14 01:36:35"
yweatherburnes,48680,3d64993b6b1d7b80bb55397572a21c09,"2020-02-28 03:00:09"
zeastmead83,90859,266182932cc2c6a45ae0953944412949,"2020-10-14 18:50:05"
zfarlambhi,88201,fcff99f7520364e7fc1c1d258e5e16c8,"2020-11-03 01:49:02"
zholtau,58104,e60d4df7c37ffedadaadb427d0ab0b48,"2022-02-05 18:36:24"
zlapleyjy,10161,6aa0cefde214b8d515d5a209229f71de,"2021-05-10 02:17:00"
zmalster2q,70137,c92378247b49610a86c253a56de23778,"2020-11-22 10:00:12"
zmcilvenny2z,41158,f08b14a8dbf04e91979ac70779dd8298,"2021-07-12 22:02:01"
zredholerf,50766,4fe83dbb8668d66b631d8b864c41c229,"2020-10-24 17:42:21"
zstannard1b,94136,2334f4359cc256b2b3fce0775ea68a03,"2021-12-04 03:59:37"
zwillgooselr,31700,c5a23f058d2d9a9e1c94b01b0575f584,"2020-11-26 01:14:43"
